state_abbr,market_name,slug,code,matched_existing,lat,lng,county,tier,needs_geocode
AL,Athens,athens,2453,false,,,,,true
AL,Homewood,homewood,2219,false,,,,,true
AL,Hoover,hoover,1646,false,,,,,true
AL,Madison,madison,2216,false,,,,,true
AL,Vestavia Hills,vestavia-hills,2220,false,,,,,true
AZ,Carefree,carefree,2188,false,,,,,true
AZ,Catalina Foothills,catalina-foothills,2236,false,,,,,true
AZ,Green Valley,green-valley,1936,false,,,,,true
AZ,Oro Valley,oro-valley,1937,false,,,,,true
AZ,Paradise Valley,paradise-valley,1918,false,,,,,true
CA,Alamo,alamo,1608,false,,,,,true
CA,Alhambra,alhambra,1578,false,,,,,true
CA,Aliso Viejo,aliso-viejo,1579,false,,,,,true
CA,Altadena,altadena,1580,false,,,,,true
CA,Aptos,aptos,1612,false,,,,,true
CA,Atwater,atwater,1625,false,,,,,true
CA,Bloomington,bloomington,2634,false,,,,,true
CA,Cameron,cameron,2514,false,,,,,true
CA,Capitola,capitola,1613,false,,,,,true
CA,Carson,carson,2276,false,,,,,true
CA,Ceres,ceres,1615,false,,,,,true
CA,Clovis,clovis,1534,false,,,,,true
CA,Compton,compton,2139,false,,,,,true
CA,Corte Madera,corte-madera,1358,false,,,,,true
CA,Cotati,cotati,1359,false,,,,,true
CA,Covina,covina,2225,false,,,,,true
CA,Cupertino,cupertino,58,false,,,,,true
CA,Dana Point,dana-point,1886,false,,,,,true
CA,Danville,danville,1628,false,,,,,true
CA,Del Mar,del-mar,1869,false,,,,,true
CA,Delano,delano,1535,false,,,,,true
CA,Downey,downey,2140,false,,,,,true
CA,Duarte,duarte,2584,false,,,,,true
CA,Encinitas,encinitas,1870,false,,,,,true
CA,Escalon,escalon,1629,false,,,,,true
CA,Foster City,foster-city,779,false,,,,,true
CA,Fountain Valley,fountain-valley,1887,false,,,,,true
CA,Gilroy,gilroy,440,false,,,,,true
CA,Granite Bay,granite-bay,2223,false,,,,,true
CA,Hacienda Heights,hacienda-heights,1554,false,,,,,true
CA,Hercules,hercules,1362,false,,,,,true
CA,Irwindale,irwindale,2242,false,,,,,true
CA,La Mesa,la-mesa,1866,false,,,,,true
CA,La Verne,la-verne,2623,false,,,,,true
CA,Ladera Ranch,ladera-ranch,2585,false,,,,,true
CA,Lafayette,lafayette,2240,false,,,,,true
CA,Laguna Beach,laguna-beach,1889,false,,,,,true
CA,Laguna Niguel,laguna-niguel,1890,false,,,,,true
CA,Laguna Woods,laguna-woods,1891,false,,,,,true
CA,Larkspur,larkspur,1363,false,,,,,true
CA,Lemon Grove,lemon-grove,1871,false,,,,,true
CA,Los Alamitos,los-alamitos,752,false,,,,,true
CA,Los Altos,los-altos,438,false,,,,,true
CA,Los Gatos,los-gatos,2113,false,,,,,true
CA,Malibu,malibu,2326,false,,,,,true
CA,Manhattan Beach,manhattan-beach,2001,false,,,,,true
CA,Manteca,manteca,1562,false,,,,,true
CA,Marina Del Rey,marina-del-rey,608,false,,,,,true
CA,Mill Valley,mill-valley,1364,false,,,,,true
CA,Millbrae,millbrae,1365,false,,,,,true
CA,Modesto,modesto,1563,false,,,,,true
CA,Montclair,montclair,2633,false,,,,,true
CA,Montebello,montebello,2145,false,,,,,true
CA,Monterey Park,monterey-park,2144,false,,,,,true
CA,National City,national-city,1872,false,,,,,true
CA,Northridge,northridge,1956,false,,,,,true
CA,Orinda,orinda,2448,false,,,,,true
CA,Otay Mesa,otay-mesa,2595,false,,,,,true
CA,Pacoima,pacoima,2622,false,,,,,true
CA,Panorama City,panorama-city,1954,false,,,,,true
CA,Pico Rivera,pico-rivera,2142,false,,,,,true
CA,Placerville,placerville,2515,false,,,,,true
CA,Playa Vista,playa-vista,2294,false,,,,,true
CA,Poway,poway,1874,false,,,,,true
CA,Redondo Beach,redondo-beach,2277,false,,,,,true
CA,Reseda,reseda,1953,false,,,,,true
CA,San Bernadino,san-bernadino,2237,false,,,,,true
CA,San Fernando Valley,san-fernando-valley,225,false,,,,,true
CA,San Juan Capistrano,san-juan-capistrano,1896,false,,,,,true
CA,Santa Cruz,santa-cruz,232,false,,,,,true
CA,Santa Maria,santa-maria,1537,false,,,,,true
CA,Santee,santee,1876,false,,,,,true
CA,Saratoga,saratoga,441,false,,,,,true
CA,Scotts Valley,scotts-valley,2135,false,,,,,true
CA,Seal Beach,seal-beach,753,false,,,,,true
CA,Sonoma,sonoma,2497,false,,,,,true
CA,Stanton,stanton,1898,false,,,,,true
CA,Studio City,studio-city,763,false,,,,,true
CA,Tahoe Basin,tahoe-basin,336,false,,,,,true
CA,Tarzana,tarzana,972,false,,,,,true
CA,Vernon,vernon,2621,false,,,,,true
CA,West Hollywood,west-hollywood,2295,false,,,,,true
CA,Westminster,westminster,1899,false,,,,,true
CA,Wildomar,wildomar,2639,false,,,,,true
CA,Winnetka,winnetka,1947,false,,,,,true
CO,Church Ranch,church-ranch,1033,false,,,,,true
CO,Denver Golden Triangle,denver-golden-triangle,1055,false,,,,,true
CO,Firestone,firestone,1013,false,,,,,true
CO,Frederick,frederick,1012,false,,,,,true
CO,Glendale,glendale,1000,false,,,,,true
CO,Golden,golden,1040,false,,,,,true
CO,Highlands Ranch,highlands-ranch,1002,false,,,,,true
CO,Interlocken,interlocken,1034,false,,,,,true
CO,Lafayette,lafayette,1017,false,,,,,true
CO,Lone Tree,lone-tree,1004,false,,,,,true
CO,Louisville,louisville,1016,false,,,,,true
CO,Northglen,northglen,1031,false,,,,,true
CO,Thornton,thornton,1030,false,,,,,true
CT,Ansonia,ansonia,1378,false,,,,,true
CT,Avon,avon,2581,false,,,,,true
CT,Bethel,bethel,1379,false,,,,,true
CT,Bloomfield,bloomfield,2574,false,,,,,true
CT,Branford,branford,1382,false,,,,,true
CT,Bristol,bristol,2583,false,,,,,true
CT,Cheshire,cheshire,2054,false,,,,,true
CT,Cromwell,cromwell,2183,false,,,,,true
CT,East Berlin,east-berlin,2329,false,,,,,true
CT,Fairfield,fairfield,2384,false,,,,,true
CT,Glastonbury,glastonbury,2580,false,,,,,true
CT,Groton,groton,2383,false,,,,,true
CT,Hamden,hamden,2493,false,,,,,true
CT,Longmeadow,longmeadow,2575,false,,,,,true
CT,Milford,milford,2494,false,,,,,true
CT,New Britain,new-britain,2577,false,,,,,true
CT,New Canaan,new-canaan,2492,false,,,,,true
CT,New London,new-london,173,false,,,,,true
CT,Newington,newington,2055,false,,,,,true
CT,Old Saybrook,old-saybrook,2579,false,,,,,true
CT,Sandy Hook,sandy-hook,2495,false,,,,,true
CT,Somers,somers,2578,false,,,,,true
CT,Springfield,springfield,2582,false,,,,,true
CT,Waterbury,waterbury,625,false,,,,,true
DC,Capitol Riverfront,capitol-riverfront,1443,false,,,,,true
DC,Georgetown,georgetown,1442,false,,,,,true
DC,Northeast,northeast,1445,false,,,,,true
DC,Northwest,northwest,1446,false,,,,,true
DC,Southeast,southeast,1449,false,,,,,true
DC,West End,west-end,1444,false,,,,,true
DE,Greenville,greenville,1458,false,,,,,true
DE,Montchanin,montchanin,1461,false,,,,,true
DE,Newport,newport,1460,false,,,,,true
FL,Aventura,aventura,18,false,,,,,true
FL,Bluffton,bluffton,2450,false,,,,,true
FL,Boynton Beach,boynton-beach,2534,false,,,,,true
FL,Casselberry,casselberry,1662,false,,,,,true
FL,Celebration,celebration,776,false,,,,,true
FL,Coconut Creek,coconut-creek,2491,false,,,,,true
FL,Cooper City,cooper-city,1596,false,,,,,true
FL,Cypress Creek,cypress-creek,1976,false,,,,,true
FL,Dania Beach,dania-beach,1605,false,,,,,true
FL,Davie,davie,1597,false,,,,,true
FL,Daytona,daytona,959,false,,,,,true
FL,Doral,doral,1151,false,,,,,true
FL,East Lake Orient Park,east-lake-orient-park,2263,false,,,,,true
FL,Ft. Lauderdale,ft-lauderdale,2451,false,,,,,true
FL,Hallandale,hallandale,1606,false,,,,,true
FL,Kendall,kendall,576,false,,,,,true
FL,Lauderdale Lakes,lauderdale-lakes,1601,false,,,,,true
FL,Lauderhill,lauderhill,1602,false,,,,,true
FL,Lighthouse Point,lighthouse-point,1600,false,,,,,true
FL,Longwood,longwood,1670,false,,,,,true
FL,Mango,mango,2627,false,,,,,true
FL,Margate,margate,1599,false,,,,,true
FL,Miami Gardens,miami-gardens,1607,false,,,,,true
FL,Neptune,neptune,2619,false,,,,,true
FL,Oakland Park,oakland-park,1604,false,,,,,true
FL,Ocoee,ocoee,1669,false,,,,,true
FL,Oviedo,oviedo,1665,false,,,,,true
FL,Palm Beach,palm-beach,2159,false,,,,,true
FL,Pembroke Pines,pembroke-pines,201,false,,,,,true
FL,Pinellas Park,pinellas-park,1570,false,,,,,true
FL,Ponte Vedra,ponte-vedra,2620,false,,,,,true
FL,Safety Harbor,safety-harbor,2551,false,,,,,true
FL,Saint Pete Beach,saint-pete-beach,1572,false,,,,,true
FL,Sandestin,sandestin,2333,false,,,,,true
FL,Seminole,seminole,1573,false,,,,,true
FL,St Lucie,st-lucie,2681,false,,,,,true
FL,St Petersburg,st-petersburg,250,false,,,,,true
FL,St Petersburg CBD,st-petersburg-cbd,2690,false,,,,,true
FL,Sunny Isles Beach,sunny-isles-beach,2414,false,,,,,true
FL,Tamarac,tamarac,1603,false,,,,,true
FL,Temple Terrace,temple-terrace,1576,false,,,,,true
FL,Town n Country,town-n-country,2266,false,,,,,true
FL,Trinity,trinity,1575,false,,,,,true
FL,Valrico,valrico,2628,false,,,,,true
FL,Winter Springs,winter-springs,1663,false,,,,,true
GA,Adairsville,adairsville,1352,false,,,,,true
GA,College Park,college-park,2316,false,,,,,true
GA,Doraville,doraville,2196,false,,,,,true
GA,Dunwoody,dunwoody,500,false,,,,,true
GA,Johns Creek,johns-creek,2335,false,,,,,true
GA,Northlake,northlake,1992,false,,,,,true
GA,Peachtree City,peachtree-city,2556,false,,,,,true
GA,Sandy Springs,sandy-springs,2264,false,,,,,true
GA,Sugar Hill,sugar-hill,2195,false,,,,,true
GA,Tyrone,tyrone,2555,false,,,,,true
HI,East Oahu,east-oahu,1281,false,,,,,true
HI,Leeward Oahu,leeward-oahu,1286,false,,,,,true
HI,Maui,maui,147,false,,,,,true
HI,Windward Oahu,windward-oahu,1287,false,,,,,true
IA,Bettendorf,bettendorf,518,false,,,,,true
IA,Council Bluffs,council-bluffs,1384,false,,,,,true
ID,Coeur D'Alene,coeur-d-alene,2676,false,,,,,true
ID,Treasire Valley,treasire-valley,2661,false,,,,,true
IL,Addison,addison,1140,false,,,,,true
IL,Bannockburn,bannockburn,1197,false,,,,,true
IL,Bedford Park,bedford-park,2600,false,,,,,true
IL,Bloomingdale,bloomingdale,1164,false,,,,,true
IL,Burr Ridge,burr-ridge,614,false,,,,,true
IL,Cicero,cicero,2523,false,,,,,true
IL,Crystal Lake,crystal-lake,1165,false,,,,,true
IL,Darien,darien,1173,false,,,,,true
IL,East Moline,east-moline,2198,false,,,,,true
IL,Elk Grove,elk-grove,1194,false,,,,,true
IL,Evergreen Park,evergreen-park,2385,false,,,,,true
IL,Glen Ellyn,glen-ellyn,1176,false,,,,,true
IL,Gurnee,gurnee,1202,false,,,,,true
IL,Hillside,hillside,2500,false,,,,,true
IL,Hinsdale,hinsdale,1177,false,,,,,true
IL,Lincolnshire,lincolnshire,1206,false,,,,,true
IL,Lincolnwood,lincolnwood,1207,false,,,,,true
IL,Lombard,lombard,1179,false,,,,,true
IL,Moline,moline,924,false,,,,,true
IL,Morton Grove,morton-grove,1208,false,,,,,true
IL,Mount Prospect,mount-prospect,1168,false,,,,,true
IL,Mundenlein,mundenlein,1209,false,,,,,true
IL,Northfield,northfield,1211,false,,,,,true
IL,Oak Lawn,oak-lawn,1188,false,,,,,true
IL,Oakbrook Terrace,oakbrook-terrace,2274,false,,,,,true
IL,Palos Heights,palos-heights,1190,false,,,,,true
IL,Rock Island,rock-island,2197,false,,,,,true
IL,South Holland,south-holland,2565,false,,,,,true
IL,St. Charles,st-charles,1180,false,,,,,true
IL,Vernon Hills,vernon-hills,1213,false,,,,,true
IL,Westmont,westmont,1182,false,,,,,true
IN,Avon,avon,1749,false,,,,,true
IN,Buchanan,buchanan,2398,false,,,,,true
IN,Columbia City,columbia-city,1702,false,,,,,true
IN,Elkhart,elkhart,70,false,,,,,true
IN,Huntington,huntington,1699,false,,,,,true
IN,Lawrence,lawrence,2202,false,,,,,true
IN,Louisville,louisville,1588,false,,,,,true
IN,Mishawaka,mishawaka,160,false,,,,,true
IN,Plymouth,plymouth,2399,false,,,,,true
IN,Saint Joseph,saint-joseph,2396,false,,,,,true
KS,Edwardsville,edwardsville,2608,false,,,,,true
KS,Kansas City,kansas-city,1589,false,,,,,true
KS,Lenexa,lenexa,1806,false,,,,,true
KS,Merriam,merriam,1808,false,,,,,true
KS,Mission,mission,1809,false,,,,,true
KS,Roeland Park,roeland-park,2299,false,,,,,true
KY,Erlanger,erlanger,433,false,,,,,true
KY,Fort Mitchell,fort-mitchell,1794,false,,,,,true
KY,Fort Wright,fort-wright,1792,false,,,,,true
KY,Jeffersontown,jeffersontown,2381,false,,,,,true
LA,Harahan,harahan,1979,false,,,,,true
LA,Saint Rose,saint-rose,1982,false,,,,,true
MA,Acton,acton,1367,false,,,,,true
MA,Agawam,agawam,1368,false,,,,,true
MA,Arlington,arlington,1370,false,,,,,true
MA,Ashland,ashland,1371,false,,,,,true
MA,Auburn,auburn,1372,false,,,,,true
MA,Avon,avon,1373,false,,,,,true
MA,Bedford,bedford,1374,false,,,,,true
MA,Bellingham,bellingham,1375,false,,,,,true
MA,Beverly,beverly,1376,false,,,,,true
MA,Billerica,billerica,1377,false,,,,,true
MA,Braintree,braintree,2107,false,,,,,true
MA,Brighton,brighton,1859,false,,,,,true
MA,Dover,dover,2078,false,,,,,true
MA,Fall River,fall-river,1592,false,,,,,true
MA,Franklin,franklin,2464,false,,,,,true
MA,Hanover,hanover,2590,false,,,,,true
MA,Holliston,holliston,2076,false,,,,,true
MA,Hudson,hudson,2460,false,,,,,true
MA,Jamaica Plain,jamaica-plain,2477,false,,,,,true
MA,Lowell,lowell,2323,false,,,,,true
MA,Mansfield,mansfield,2108,false,,,,,true
MA,Natick,natick,442,false,,,,,true
MA,North Andover,north-andover,2613,false,,,,,true
MA,Randolph,randolph,2458,false,,,,,true
MA,Rockland,rockland,2462,false,,,,,true
MA,Roxbury,roxbury,2461,false,,,,,true
MA,Salem,salem,2463,false,,,,,true
MA,Sherborn,sherborn,2075,false,,,,,true
MA,Southborough,southborough,2072,false,,,,,true
MA,Sudbury,sudbury,2077,false,,,,,true
MA,Wayland,wayland,2074,false,,,,,true
MA,Wellesley,wellesley,2070,false,,,,,true
MA,Westborough,westborough,2071,false,,,,,true
MA,Weston,weston,2073,false,,,,,true
MD,Annapolis Junction,annapolis-junction,756,false,,,,,true
MD,Belair,belair,412,false,,,,,true
MD,Beltsville,beltsville,1418,false,,,,,true
MD,Calverton,calverton,1419,false,,,,,true
MD,Cheverly,cheverly,1428,false,,,,,true
MD,Clinton,clinton,1429,false,,,,,true
MD,Cockeysville,cockeysville,2269,false,,,,,true
MD,College Park,college-park,1420,false,,,,,true
MD,Forestville,forestville,1430,false,,,,,true
MD,Greenbelt,greenbelt,1421,false,,,,,true
MD,Hanover,hanover,757,false,,,,,true
MD,Harford,harford,2203,false,,,,,true
MD,Hyattsville,hyattsville,1422,false,,,,,true
MD,Kensington,kensington,1423,false,,,,,true
MD,Landover,landover,1431,false,,,,,true
MD,Lanham,lanham,1432,false,,,,,true
MD,Largo,largo,1433,false,,,,,true
MD,Linthicum,linthicum,131,false,,,,,true
MD,North Bethesda,north-bethesda,1424,false,,,,,true
MD,Owings Mills,owings-mills,759,false,,,,,true
MD,Reistertown,reistertown,2204,false,,,,,true
MD,Riverdale,riverdale,1425,false,,,,,true
MD,Temple Hills,temple-hills,1434,false,,,,,true
MD,Timonium,timonium,413,false,,,,,true
MD,Upper Marlboro,upper-marlboro,1427,false,,,,,true
MD,Wheaton,wheaton,1426,false,,,,,true
MI,Bellaire,bellaire,2437,false,,,,,true
MI,Brownstown Township,brownstown-township,2617,false,,,,,true
MI,Farmington Hills,farmington-hills,1089,false,,,,,true
MI,Garfield Twp,garfield-twp,2436,false,,,,,true
MI,Gross Pointe,gross-pointe,1084,false,,,,,true
MI,Haslett,haslett,1985,false,,,,,true
MI,Kalkaska,kalkaska,2438,false,,,,,true
MI,Kentwood,kentwood,2048,false,,,,,true
MI,Lathrup Village,lathrup-village,2554,false,,,,,true
MI,Manistee,manistee,2572,false,,,,,true
MI,Okemos,okemos,1987,false,,,,,true
MI,Rochester Hills,rochester-hills,1080,false,,,,,true
MI,Southeast Michigan,southeast-michigan,364,false,,,,,true
MI,Southwest Michigan,southwest-michigan,244,false,,,,,true
MN,Apple Valley,apple-valley,1479,false,,,,,true
MN,Arden Hills,arden-hills,1480,false,,,,,true
MN,Blaine,blaine,1481,false,,,,,true
MN,Bloomington,bloomington,315,false,,,,,true
MN,Brooklyn Center,brooklyn-center,1483,false,,,,,true
MN,Brooklyn Park,brooklyn-park,1482,false,,,,,true
MN,Champlin,champlin,1485,false,,,,,true
MN,Chaska,chaska,1486,false,,,,,true
MN,Coon Rapids,coon-rapids,1487,false,,,,,true
MN,Cottage Grove,cottage-grove,1488,false,,,,,true
MN,Crystal,crystal,1489,false,,,,,true
MN,Eagan,eagan,1490,false,,,,,true
MN,Edina,edina,1492,false,,,,,true
MN,Farmington,farmington,1494,false,,,,,true
MN,Fridley,fridley,1495,false,,,,,true
MN,Golden Valley,golden-valley,1496,false,,,,,true
MN,Hastings,hastings,1497,false,,,,,true
MN,Hudson,hudson,1498,false,,,,,true
MN,Little Canada,little-canada,1504,false,,,,,true
MN,Maple Grove,maple-grove,1503,false,,,,,true
MN,Maplewood,maplewood,1502,false,,,,,true
MN,Mendota Heights,mendota-heights,1501,false,,,,,true
MN,Minneapolis CBD,minneapolis-cbd,536,false,,,,,true
MN,Plymouth,plymouth,2273,false,,,,,true
MN,St Cloud,st-cloud,2349,false,,,,,true
MN,St Louis Park,st-louis-park,2267,false,,,,,true
MN,St. Paul,st-paul,537,false,,,,,true
MO,Arnold,arnold,1746,false,,,,,true
MO,Ballwin,ballwin,1735,false,,,,,true
MO,Blue Springs,blue-springs,1803,false,,,,,true
MO,Brentwood,brentwood,1674,false,,,,,true
MO,Bridgeton,bridgeton,2531,false,,,,,true
MO,Clayton,clayton,1675,false,,,,,true
MO,Collinsville,collinsville,2532,false,,,,,true
MO,Creve Coeur,creve-coeur,1676,false,,,,,true
MO,Gladstone,gladstone,1804,false,,,,,true
MO,Glen Carbon,glen-carbon,2537,false,,,,,true
MO,Hazelwood,hazelwood,2535,false,,,,,true
MO,Independence,independence,1805,false,,,,,true
MO,Kirkwood,kirkwood,1678,false,,,,,true
MO,Lee's Summit,lee-s-summit,969,false,,,,,true
MO,Liberty,liberty,1807,false,,,,,true
MO,O'Fallon,o-fallon,1742,false,,,,,true
MO,Olivette,olivette,1679,false,,,,,true
MO,Richmond Heights,richmond-heights,1681,false,,,,,true
MO,St Louis,st-louis,248,false,,,,,true
MO,St. Charles,st-charles,1741,false,,,,,true
MO,Troy,troy,2536,false,,,,,true
MO,Webster Groves,webster-groves,2618,false,,,,,true
MO,Westport,westport,1736,false,,,,,true
MS,Hinds,hinds,736,false,,,,,true
NC,Apex,apex,1692,false,,,,,true
NC,Ballantyne,ballantyne,2675,false,,,,,true
NC,Fuquay Varina,fuquay-varina,2602,false,,,,,true
NC,Garner,garner,1697,false,,,,,true
NC,Gastonia,gastonia,1590,false,,,,,true
NC,Huntersville,huntersville,573,false,,,,,true
NC,Knightdale,knightdale,1693,false,,,,,true
NC,Matthews,matthews,1688,false,,,,,true
NC,Morrisville,morrisville,1694,false,,,,,true
NC,Pineville,pineville,1689,false,,,,,true
NC,Research Triangle,research-triangle,375,false,,,,,true
NC,Salem,salem,2209,false,,,,,true
NC,Zebulon,zebulon,1698,false,,,,,true
NE,Elkhorn,elkhorn,1385,false,,,,,true
NE,Ralston,ralston,1388,false,,,,,true
NH,Hooksett,hooksett,2404,false,,,,,true
NH,Newbury,newbury,1998,false,,,,,true
NH,Sunapee,sunapee,1996,false,,,,,true
NH,West Lebanon,west-lebanon,2081,false,,,,,true
NJ,Andover,andover,1462,false,,,,,true
NJ,Avenel,avenel,1339,false,,,,,true
NJ,Bergen,bergen,25,false,,,,,true
NJ,Blackwood,blackwood,2588,false,,,,,true
NJ,Bound Brook,bound-brook,1321,false,,,,,true
NJ,Branchburg,branchburg,1322,false,,,,,true
NJ,Camden,camden,1406,false,,,,,true
NJ,Cedar Grove,cedar-grove,2409,false,,,,,true
NJ,Clark,clark,1341,false,,,,,true
NJ,Clifton,clifton,2407,false,,,,,true
NJ,Cranbury,cranbury,1342,false,,,,,true
NJ,Dayton,dayton,2528,false,,,,,true
NJ,Denville,denville,1467,false,,,,,true
NJ,East Windsor,east-windsor,1343,false,,,,,true
NJ,Emerson,emerson,2307,false,,,,,true
NJ,Englishtown,englishtown,2540,false,,,,,true
NJ,Evesham Township,evesham-township,2285,false,,,,,true
NJ,Fair Lawn,fair-lawn,2304,false,,,,,true
NJ,Fairfield,fairfield,76,false,,,,,true
NJ,Fords,fords,2377,false,,,,,true
NJ,Franklin,franklin,1463,false,,,,,true
NJ,Green Brook,green-brook,1344,false,,,,,true
NJ,Hackettstown,hackettstown,1468,false,,,,,true
NJ,Hasbrook Heights,hasbrook-heights,2311,false,,,,,true
NJ,Hawthorne,hawthorne,946,false,,,,,true
NJ,Highland Park,highland-park,1326,false,,,,,true
NJ,Hillsborough,hillsborough,398,false,,,,,true
NJ,Holmdel,holmdel,2069,false,,,,,true
NJ,Jamesburg,jamesburg,1345,false,,,,,true
NJ,Kearney,kearney,2636,false,,,,,true
NJ,Kenilworth,kenilworth,1346,false,,,,,true
NJ,Keyport,keyport,2519,false,,,,,true
NJ,Lake Hopatcong,lake-hopatcong,1464,false,,,,,true
NJ,Lakewood,lakewood,2280,false,,,,,true
NJ,Lawrenceville,lawrenceville,1327,false,,,,,true
NJ,Linden,linden,1328,false,,,,,true
NJ,Livingston,livingston,2655,false,,,,,true
NJ,Lyndhurst,lyndhurst,2312,false,,,,,true
NJ,Manalapan,manalapan,1329,false,,,,,true
NJ,Maplewood,maplewood,2488,false,,,,,true
NJ,Marlboro,marlboro,1347,false,,,,,true
NJ,Marlton,marlton,1405,false,,,,,true
NJ,Matawan,matawan,1330,false,,,,,true
NJ,Maywood,maywood,2303,false,,,,,true
NJ,Meadowlands,meadowlands,2313,false,,,,,true
NJ,Metuchen,metuchen,1348,false,,,,,true
NJ,Middlesex,middlesex,155,false,,,,,true
NJ,Middletown,middletown,2284,false,,,,,true
NJ,Millburn,millburn,1331,false,,,,,true
NJ,Milltown,milltown,2520,false,,,,,true
NJ,Monroe Township,monroe-township,1349,false,,,,,true
NJ,Montvale,montvale,2305,false,,,,,true
NJ,Montville,montville,1469,false,,,,,true
NJ,Moonachie,moonachie,2315,false,,,,,true
NJ,Moorestown,moorestown,2625,false,,,,,true
NJ,Morris Plains,morris-plains,1470,false,,,,,true
NJ,Mount Olive,mount-olive,1471,false,,,,,true
NJ,Mountain Lakes,mountain-lakes,1472,false,,,,,true
NJ,Mountainside,mountainside,1350,false,,,,,true
NJ,Mt. Laurel,mt-laurel,167,false,,,,,true
NJ,New Providence,new-providence,1333,false,,,,,true
NJ,Newton,newton,1465,false,,,,,true
NJ,North Bergen,north-bergen,2635,false,,,,,true
NJ,North Brunswick,north-brunswick,1334,false,,,,,true
NJ,North Jersey,north-jersey,184,false,,,,,true
NJ,North Plainfield,north-plainfield,1335,false,,,,,true
NJ,Old Bridge,old-bridge,1336,false,,,,,true
NJ,Oradell,oradell,2302,false,,,,,true
NJ,Passaic,passaic,200,false,,,,,true
NJ,Pine Brook,pine-brook,2392,false,,,,,true
NJ,Raritan,raritan,1337,false,,,,,true
NJ,Ridgewood,ridgewood,2422,false,,,,,true
NJ,River Edge,river-edge,2310,false,,,,,true
NJ,Rutherford,rutherford,411,false,,,,,true
NJ,Secaucus,secaucus,2300,false,,,,,true
NJ,Shrewsbury,shrewsbury,2527,false,,,,,true
NJ,Somerset,somerset,241,false,,,,,true
NJ,Somerville,somerville,1338,false,,,,,true
NJ,South Hackensack,south-hackensack,2306,false,,,,,true
NJ,South Plainfield,south-plainfield,2541,false,,,,,true
NJ,Sparta,sparta,1466,false,,,,,true
NJ,Springfield,springfield,410,false,,,,,true
NJ,Stanhope,stanhope,2489,false,,,,,true
NJ,Succasunna,succasunna,1476,false,,,,,true
NJ,Teaneck,teaneck,2301,false,,,,,true
NJ,Thorofare,thorofare,2589,false,,,,,true
NJ,Tinton Falls,tinton-falls,2566,false,,,,,true
NJ,Toms River,toms-river,2281,false,,,,,true
NJ,Union,union,2282,false,,,,,true
NJ,Vernon,vernon,1474,false,,,,,true
NJ,Verona,verona,2408,false,,,,,true
NJ,Wall Township,wall-township,2558,false,,,,,true
NJ,West Essex,west-essex,2386,false,,,,,true
NJ,West Milford,west-milford,1477,false,,,,,true
NJ,Woodbridge,woodbridge,281,false,,,,,true
NJ,Woodcliff Lakes,woodcliff-lakes,2308,false,,,,,true
NV,Paradise,paradise,2262,false,,,,,true
NV,Spring Valley,spring-valley,2265,false,,,,,true
NY,Astoria,astoria,1265,false,,,,,true
NY,Babylon,babylon,2172,false,,,,,true
NY,Bay Shore,bay-shore,1244,false,,,,,true
NY,Bayside,bayside,1266,false,,,,,true
NY,Beacon,beacon,2466,false,,,,,true
NY,Brookhaven,brookhaven,2173,false,,,,,true
NY,Central Islip,central-islip,2469,false,,,,,true
NY,Cheektowaga,cheektowaga,1774,false,,,,,true
NY,Chittenango,chittenango,1755,false,,,,,true
NY,Clifton Park,clifton-park,1758,false,,,,,true
NY,Colonie,colonie,1757,false,,,,,true
NY,Commack,commack,2470,false,,,,,true
NY,Deer Park,deer-park,1245,false,,,,,true
NY,Dix Hills,dix-hills,2471,false,,,,,true
NY,East Meadow,east-meadow,1231,false,,,,,true
NY,East Patchogue,east-patchogue,2560,false,,,,,true
NY,East Rockaway,east-rockaway,1232,false,,,,,true
NY,Elmont,elmont,2467,false,,,,,true
NY,Farmingdale,farmingdale,2472,false,,,,,true
NY,Flatbush,flatbush,2525,false,,,,,true
NY,Floral Park,floral-park,1255,false,,,,,true
NY,Flushing,flushing,1268,false,,,,,true
NY,Forest Hills,forest-hills,1269,false,,,,,true
NY,Freeport,freeport,1227,false,,,,,true
NY,Garden City,garden-city,1228,false,,,,,true
NY,Glen Cove,glen-cove,1256,false,,,,,true
NY,Hempstead,hempstead,1230,false,,,,,true
NY,Huntington,huntington,2174,false,,,,,true
NY,Islandia,islandia,1249,false,,,,,true
NY,Islip,islip,1247,false,,,,,true
NY,Jamaica,jamaica,1270,false,,,,,true
NY,Jericho,jericho,1259,false,,,,,true
NY,Kenmore,kenmore,1770,false,,,,,true
NY,Lackawanna,lackawanna,1769,false,,,,,true
NY,Lake Success,lake-success,1260,false,,,,,true
NY,Levittown,levittown,1234,false,,,,,true
NY,Long Island,long-island,296,false,,,,,true
NY,Lynbrook,lynbrook,1235,false,,,,,true
NY,Mamaroneck,mamaroneck,2606,false,,,,,true
NY,Manhattan,manhattan,2317,false,,,,,true
NY,Massapequa,massapequa,1241,false,,,,,true
NY,Medford,medford,1253,false,,,,,true
NY,Merrick,merrick,1236,false,,,,,true
NY,Mineola,mineola,1237,false,,,,,true
NY,Montebello,montebello,947,false,,,,,true
NY,Mount Pleasant,mount-pleasant,1901,false,,,,,true
NY,New York City,new-york-city,2557,false,,,,,true
NY,Patchogue,patchogue,1254,false,,,,,true
NY,Plainview,plainview,1261,false,,,,,true
NY,Port Jefferson Station,port-jefferson-station,1251,false,,,,,true
NY,Queens,queens,295,false,,,,,true
NY,Rockville Centre,rockville-centre,1238,false,,,,,true
NY,Ronkonkoma,ronkonkoma,2474,false,,,,,true
NY,Roslyn,roslyn,2475,false,,,,,true
NY,Rye Brook,rye-brook,1278,false,,,,,true
NY,Scarsdale,scarsdale,961,false,,,,,true
NY,Skaneateles,skaneateles,1754,false,,,,,true
NY,Smithtown,smithtown,1250,false,,,,,true
NY,Spring Garden,spring-garden,2476,false,,,,,true
NY,Staten Island,staten-island,730,false,,,,,true
NY,Stony Brook,stony-brook,1252,false,,,,,true
NY,Suffolk,suffolk,254,false,,,,,true
NY,Upstate New York,upstate-new-york,2158,false,,,,,true
NY,Wantagh,wantagh,1242,false,,,,,true
NY,West Babylon,west-babylon,1243,false,,,,,true
NY,West Hempstead,west-hempstead,1229,false,,,,,true
NY,West Seneca,west-seneca,1765,false,,,,,true
NY,Westbury,westbury,1240,false,,,,,true
NY,Wheatfield,wheatfield,1775,false,,,,,true
NY,Williamsville,williamsville,1561,false,,,,,true
NY,Woodbury,woodbury,1264,false,,,,,true
NY,Yorktown Heights,yorktown-heights,2605,false,,,,,true
OH,Austintown,austintown,1967,false,,,,,true
OH,Avon,avon,1968,false,,,,,true
OH,Bedford Heights,bedford-heights,1712,false,,,,,true
OH,Berea,berea,1972,false,,,,,true
OH,Blue Ash,blue-ash,647,false,,,,,true
OH,Boardman,boardman,1973,false,,,,,true
OH,Brecksville,brecksville,1713,false,,,,,true
OH,Broadview Height,broadview-height,1714,false,,,,,true
OH,Brooklyn Heights,brooklyn-heights,1716,false,,,,,true
OH,Brunswick,brunswick,1717,false,,,,,true
OH,Centerville,centerville,1777,false,,,,,true
OH,Chagrin Falls,chagrin-falls,1718,false,,,,,true
OH,East Canton,east-canton,2083,false,,,,,true
OH,Eaton,eaton,2564,false,,,,,true
OH,Edgewood,edgewood,1798,false,,,,,true
OH,Elyria,elyria,71,false,,,,,true
OH,Erlanger,erlanger,1797,false,,,,,true
OH,Gahanna,gahanna,1707,false,,,,,true
OH,Hamilton,hamilton,97,false,,,,,true
OH,Highland Heights,highland-heights,1719,false,,,,,true
OH,Kettering,kettering,1789,false,,,,,true
OH,Lancaster,lancaster,2603,false,,,,,true
OH,Lebanon,lebanon,1787,false,,,,,true
OH,Liberty Township,liberty-township,1786,false,,,,,true
OH,London,london,1710,false,,,,,true
OH,Lorain,lorain,134,false,,,,,true
OH,Marion,marion,2604,false,,,,,true
OH,Massillon,massillon,2082,false,,,,,true
OH,Mayfield Heights,mayfield-heights,1721,false,,,,,true
OH,Miamisburg,miamisburg,1784,false,,,,,true
OH,Middleburg Heights,middleburg-heights,1723,false,,,,,true
OH,North Canton,north-canton,2084,false,,,,,true
OH,North Olmsted,north-olmsted,1724,false,,,,,true
OH,Oakwood,oakwood,1783,false,,,,,true
OH,Parma,parma,1725,false,,,,,true
OH,Piqua,piqua,2562,false,,,,,true
OH,Polaris,polaris,549,false,,,,,true
OH,Powell,powell,2465,false,,,,,true
OH,Sharonville,sharonville,1782,false,,,,,true
OH,Sidney,sidney,2563,false,,,,,true
OH,Springboro,springboro,1781,false,,,,,true
OH,Springdale,springdale,1780,false,,,,,true
OH,Springfield,springfield,2275,false,,,,,true
OH,Stowe,stowe,2573,false,,,,,true
OH,Stratford,stratford,2569,false,,,,,true
OH,Strongsville,strongsville,1727,false,,,,,true
OH,Twinsburg,twinsburg,1728,false,,,,,true
OH,Upper Arlington,upper-arlington,1706,false,,,,,true
OH,Valley View,valley-view,1732,false,,,,,true
OH,Vandalia,vandalia,2568,false,,,,,true
OH,Warrensville Heights,warrensville-heights,1731,false,,,,,true
OH,Washington Township,washington-township,1779,false,,,,,true
OH,Willoughby,willoughby,1729,false,,,,,true
OH,Worthington,worthington,1705,false,,,,,true
OK,Bethany,bethany,1389,false,,,,,true
OK,Bixby,bixby,1617,false,,,,,true
OK,Catoosa,catoosa,1618,false,,,,,true
OK,Del City,del-city,1390,false,,,,,true
OK,Jenks,jenks,1395,false,,,,,true
OK,Midwest City,midwest-city,1392,false,,,,,true
OK,Moore,moore,1393,false,,,,,true
OK,Muskogee,muskogee,1620,false,,,,,true
OK,Owasso,owasso,1396,false,,,,,true
OK,Sand Springs,sand-springs,1621,false,,,,,true
OK,Sapulpa,sapulpa,1622,false,,,,,true
OK,Stillwater,stillwater,1623,false,,,,,true
OR,Eugene,eugene,73,false,,,,,true
OR,Hillsboro,hillsboro,624,false,,,,,true
OR,Sylvan,sylvan,1074,false,,,,,true
OR,Tigard,tigard,1077,false,,,,,true
OR,West Linn,west-linn,1073,false,,,,,true
PA,Ardmore,ardmore,923,false,,,,,true
PA,Beaver,beaver,2505,false,,,,,true
PA,Carnegie,carnegie,2506,false,,,,,true
PA,Chester,chester,1103,false,,,,,true
PA,Cranberry,cranberry,2022,false,,,,,true
PA,Emmaus,emmaus,2499,false,,,,,true
PA,Export,export,2614,false,,,,,true
PA,Folcroft,folcroft,2587,false,,,,,true
PA,Green Tree,green-tree,2268,false,,,,,true
PA,Greensburg,greensburg,2615,false,,,,,true
PA,Horsham,horsham,2058,false,,,,,true
PA,Kittanning,kittanning,2507,false,,,,,true
PA,Langhorne,langhorne,2586,false,,,,,true
PA,Latrobe,latrobe,2510,false,,,,,true
PA,Main Line,main-line,1106,false,,,,,true
PA,Malvern,malvern,365,false,,,,,true
PA,McKees Rocks,mckees-rocks,2512,false,,,,,true
PA,Mt Pleasant,mt-pleasant,2511,false,,,,,true
PA,Paoli,paoli,2126,false,,,,,true
PA,Plymouth Meeting,plymouth-meeting,1559,false,,,,,true
PA,Quakertown,quakertown,2559,false,,,,,true
PA,Southampton,southampton,2626,false,,,,,true
PA,Turtle Creek,turtle-creek,2509,false,,,,,true
PA,Warminster,warminster,2592,false,,,,,true
PA,Weissport,weissport,2593,false,,,,,true
PA,West Chester,west-chester,1104,false,,,,,true
PA,West Mifflin,west-mifflin,2504,false,,,,,true
PA,Wexford,wexford,2508,false,,,,,true
PA,Willow Grove,willow-grove,2057,false,,,,,true
PR,Puerto Rico,puerto-rico,480,false,,,,,true
RI,Pawtucket,pawtucket,2109,false,,,,,true
SC,Augusta,augusta,2177,false,,,,,true
SC,Mt Pleasant,mt-pleasant,2003,false,,,,,true
TN,Bartlett,bartlett,2092,false,,,,,true
TN,Cool Springs,cool-springs,2012,false,,,,,true
TN,Cordova,cordova,2093,false,,,,,true
TN,Dover,dover,2646,false,,,,,true
TN,Germantown,germantown,2094,false,,,,,true
TN,Hendersonville,hendersonville,2597,false,,,,,true
TN,Joelton,joelton,2649,false,,,,,true
TN,Madison,madison,2591,false,,,,,true
TN,Pleasant View,pleasant-view,2647,false,,,,,true
TX,Bedford,bedford,2248,false,,,,,true
TX,Bee Cave,bee-cave,2289,false,,,,,true
TX,Coppell,coppell,2249,false,,,,,true
TX,Farmers Branch,farmers-branch,2250,false,,,,,true
TX,Freeport,freeport,2485,false,,,,,true
TX,Galveston,galveston,88,false,,,,,true
TX,Houston Energy Corridor,houston-energy-corridor,2180,false,,,,,true
TX,Hurst,hurst,2255,false,,,,,true
TX,Lakeway,lakeway,2066,false,,,,,true
TX,Las Colinas,las-colinas,652,false,,,,,true
TX,Shavano Park,shavano-park,1413,false,,,,,true
TX,Stafford,stafford,1220,false,,,,,true
TX,Temple,temple,1412,false,,,,,true
TX,The Colony,the-colony,1118,false,,,,,true
TX,Westlake,westlake,2252,false,,,,,true
UT,American Fork,american-fork,1938,false,,,,,true
UT,Bountiful,bountiful,1939,false,,,,,true
UT,Cottonwood Heights,cottonwood-heights,1941,false,,,,,true
UT,Holladay,holladay,1944,false,,,,,true
UT,Kaysville,kaysville,1946,false,,,,,true
UT,Layton,layton,1948,false,,,,,true
UT,Lindon,lindon,1951,false,,,,,true
UT,Murray,murray,1955,false,,,,,true
UT,North Salt Lake,north-salt-lake,1957,false,,,,,true
UT,Orem,orem,1959,false,,,,,true
UT,Park City,park-city,197,false,,,,,true
UT,Pleasant Grove,pleasant-grove,1961,false,,,,,true
UT,Riverton,riverton,1963,false,,,,,true
UT,West Jordan,west-jordan,2456,false,,,,,true
UT,West Valley City,west-valley-city,2455,false,,,,,true
VA,Annandale,annandale,9,false,,,,,true
VA,Ashland,ashland,1840,false,,,,,true
VA,Ballston,ballston,966,false,,,,,true
VA,Burke,burke,1452,false,,,,,true
VA,Centreville,centreville,1457,false,,,,,true
VA,Chester,chester,1841,false,,,,,true
VA,Clarendon,clarendon,967,false,,,,,true
VA,Colonial Heights,colonial-heights,2598,false,,,,,true
VA,Crystal City,crystal-city,964,false,,,,,true
VA,Dulles Corner,dulles-corner,406,false,,,,,true
VA,Dumfries,dumfries,1437,false,,,,,true
VA,Gainesville,gainesville,600,false,,,,,true
VA,Henrico,henrico,1842,false,,,,,true
VA,Huntington,huntington,1451,false,,,,,true
VA,Kingstowne,kingstowne,2374,false,,,,,true
VA,Leesburg,leesburg,1435,false,,,,,true
VA,Lorton,lorton,2129,false,,,,,true
VA,Mechanicsville,mechanicsville,1843,false,,,,,true
VA,Merrifield,merrifield,1450,false,,,,,true
VA,Mt Vernon,mt-vernon,2387,false,,,,,true
VA,Oakton,oakton,1849,false,,,,,true
VA,Oilville,oilville,2599,false,,,,,true
VA,Quantico,quantico,1455,false,,,,,true
VA,Rockville,rockville,1845,false,,,,,true
VA,Rosslyn,rosslyn,965,false,,,,,true
VA,Salem,salem,1846,false,,,,,true
VA,Springfield,springfield,766,false,,,,,true
VA,Tuckahoe,tuckahoe,2271,false,,,,,true
VA,Tysons Corner,tysons-corner,268,false,,,,,true
VA,West Loudoun,west-loudoun,2127,false,,,,,true
WA,Auburn,auburn,523,false,,,,,true
WA,Ballard,ballard,1314,false,,,,,true
WA,Battle Ground,battle-ground,1800,false,,,,,true
WA,Bonney Lake,bonney-lake,1538,false,,,,,true
WA,Edmonds,edmonds,68,false,,,,,true
WA,Federal Way,federal-way,79,false,,,,,true
WA,Fife,fife,1539,false,,,,,true
WA,Issaquah,issaquah,109,false,,,,,true
WA,Kenmore,kenmore,1308,false,,,,,true
WA,Kent,kent,118,false,,,,,true
WA,Lakewood,lakewood,1540,false,,,,,true
WA,Mercer Island,mercer-island,1094,false,,,,,true
WA,Redmond,redmond,473,false,,,,,true
WA,Sammamish,sammamish,333,false,,,,,true
WA,SeaTac,seatac,2050,false,,,,,true
WA,Snoqualmie,snoqualmie,2638,false,,,,,true
WA,Spokane Valley,spokane-valley,2257,false,,,,,true
WA,Tukwila,tukwila,516,false,,,,,true
WA,Tumwater,tumwater,1544,false,,,,,true
WA,University Place,university-place,1543,false,,,,,true
WA,West Seattle,west-seattle,1315,false,,,,,true
WA,Yarrow Point,yarrow-point,1306,false,,,,,true
WI,Beaver Dam,beaver-dam,1509,false,,,,,true
WI,Belleville,belleville,2545,false,,,,,true
WI,Brown Deer,brown-deer,1510,false,,,,,true
WI,Burke,burke,2322,false,,,,,true
WI,Burlington,burlington,1511,false,,,,,true
WI,Butler,butler,1512,false,,,,,true
WI,Cedarburg,cedarburg,1513,false,,,,,true
WI,Cottage Grove,cottage-grove,1514,false,,,,,true
WI,Cross Plains,cross-plains,2542,false,,,,,true
WI,Cudahy,cudahy,1515,false,,,,,true
WI,DeForest,deforest,1516,false,,,,,true
WI,Delavan,delavan,1518,false,,,,,true
WI,Elkhorn,elkhorn,1519,false,,,,,true
WI,Elm Grove,elm-grove,1520,false,,,,,true
WI,Fitchburg,fitchburg,2320,false,,,,,true
WI,Fort Atkinson,fort-atkinson,1521,false,,,,,true
WI,Fox Cities,fox-cities,2215,false,,,,,true
WI,Franklin,franklin,1522,false,,,,,true
WI,Franksville,franksville,1523,false,,,,,true
WI,Glendale,glendale,1525,false,,,,,true
WI,Grafton,grafton,1526,false,,,,,true
WI,Grand Chute,grand-chute,1978,false,,,,,true
WI,Greenfield,greenfield,1527,false,,,,,true
WI,Hales Corners,hales-corners,1528,false,,,,,true
WI,Hartford,hartford,1529,false,,,,,true
WI,Hartland,hartland,1530,false,,,,,true
WI,Ixonia,ixonia,1531,false,,,,,true
WI,Jefferson,jefferson,1533,false,,,,,true
WI,Kaukauna,kaukauna,2214,false,,,,,true
WI,Lake Mills,lake-mills,2552,false,,,,,true
WI,Mayfair,mayfair,606,false,,,,,true
WI,McFarland,mcfarland,2553,false,,,,,true
WI,Mequon,mequon,2133,false,,,,,true
WI,Monona,monona,2319,false,,,,,true
WI,Oconomowoc,oconomowoc,2131,false,,,,,true
WI,Stoughton,stoughton,2544,false,,,,,true
WI,Sun Prarie,sun-prarie,2321,false,,,,,true
WI,Waukesha,waukesha,2132,false,,,,,true
WI,Wauwatosa,wauwatosa,2260,false,,,,,true
WI,West Allis,west-allis,2259,false,,,,,true
WI,West Bend,west-bend,2134,false,,,,,true