code,raw_market,state_abbr,market_name,classification,confidence,reason,parent_city,child_submarket,slug,matched,rofo_city,rofo_slug,rofo_lat,rofo_lng,rofo_path
2453,AL - Athens,AL,Athens,city,medium,default_city,,,athens,false,,,,,
2219,AL - Homewood,AL,Homewood,city,medium,default_city,,,homewood,false,,,,,
1646,AL - Hoover,AL,Hoover,city,medium,default_city,,,hoover,false,,,,,
2216,AL - Madison,AL,Madison,city,medium,default_city,,,madison,false,,,,,
781,AL - Northern,AL,Northern,city,medium,default_city,,,northern,false,,,,,
2220,AL - Vestavia Hills,AL,Vestavia Hills,city,medium,default_city,,,vestavia-hills,false,,,,,
2188,AZ - Carefree,AZ,Carefree,city,medium,default_city,,,carefree,false,,,,,
2236,AZ - Catalina Foothills,AZ,Catalina Foothills,city,medium,default_city,,,catalina-foothills,false,,,,,
1936,AZ - Green Valley,AZ,Green Valley,city,medium,default_city,,,green-valley,false,,,,,
1937,AZ - Oro Valley,AZ,Oro Valley,city,medium,default_city,,,oro-valley,false,,,,,
1918,AZ - Paradise Valley,AZ,Paradise Valley,city,medium,default_city,,,paradise-valley,false,,,,,
1608,CA - Alamo,CA,Alamo,city,medium,default_city,,,alamo,false,,,,,
1578,CA - Alhambra,CA,Alhambra,city,medium,default_city,,,alhambra,false,,,,,
1579,CA - Aliso Viejo,CA,Aliso Viejo,city,medium,default_city,,,aliso-viejo,false,,,,,
1580,CA - Altadena,CA,Altadena,city,medium,default_city,,,altadena,false,,,,,
2663,CA - Anaheim Hills,CA,Anaheim Hills,city,medium,default_city,,,anaheim-hills,false,,,,,
1612,CA - Aptos,CA,Aptos,city,medium,default_city,,,aptos,false,,,,,
2221,CA - Arden Arcade,CA,Arden Arcade,city,medium,default_city,,,arden-arcade,false,,,,,
1625,CA - Atwater,CA,Atwater,city,medium,default_city,,,atwater,false,,,,,
2634,CA - Bloomington,CA,Bloomington,city,medium,default_city,,,bloomington,false,,,,,
2514,CA - Cameron,CA,Cameron,city,medium,default_city,,,cameron,false,,,,,
1613,CA - Capitola,CA,Capitola,city,medium,default_city,,,capitola,false,,,,,
2276,CA - Carson,CA,Carson,city,medium,default_city,,,carson,false,,,,,
2533,CA - Carson,CA,Carson,city,medium,default_city,,,carson,false,,,,,
1615,CA - Ceres,CA,Ceres,city,medium,default_city,,,ceres,false,,,,,
1534,CA - Clovis,CA,Clovis,city,medium,default_city,,,clovis,false,,,,,
2139,CA - Compton,CA,Compton,city,medium,default_city,,,compton,false,,,,,
2239,CA - Contra Costa Centre,CA,Contra Costa Centre,city,medium,default_city,,,contra-costa-centre,false,,,,,
1358,CA - Corte Madera,CA,Corte Madera,city,medium,default_city,,,corte-madera,false,,,,,
1359,CA - Cotati,CA,Cotati,city,medium,default_city,,,cotati,false,,,,,
2225,CA - Covina,CA,Covina,city,medium,default_city,,,covina,false,,,,,
58,CA - Cupertino,CA,Cupertino,city,medium,default_city,,,cupertino,false,,,,,
1886,CA - Dana Point,CA,Dana Point,city,medium,default_city,,,dana-point,false,,,,,
1628,CA - Danville,CA,Danville,city,medium,default_city,,,danville,false,,,,,
1869,CA - Del Mar,CA,Del Mar,city,medium,default_city,,,del-mar,false,,,,,
1535,CA - Delano,CA,Delano,city,medium,default_city,,,delano,false,,,,,
2140,CA - Downey,CA,Downey,city,medium,default_city,,,downey,false,,,,,
2584,CA - Duarte,CA,Duarte,city,medium,default_city,,,duarte,false,,,,,
1870,CA - Encinitas,CA,Encinitas,city,medium,default_city,,,encinitas,false,,,,,
1629,CA - Escalon,CA,Escalon,city,medium,default_city,,,escalon,false,,,,,
779,CA - Foster City,CA,Foster City,city,medium,default_city,,,foster-city,false,,,,,
1887,CA - Fountain Valley,CA,Fountain Valley,city,medium,default_city,,,fountain-valley,false,,,,,
440,CA - Gilroy,CA,Gilroy,city,medium,default_city,,,gilroy,false,,,,,
2224,CA - Gold River,CA,Gold River,city,medium,default_city,,,gold-river,false,,,,,
2624,CA - Granada Hills,CA,Granada Hills,city,medium,default_city,,,granada-hills,false,,,,,
2223,CA - Granite Bay,CA,Granite Bay,city,medium,default_city,,,granite-bay,false,,,,,
1554,CA - Hacienda Heights,CA,Hacienda Heights,city,medium,default_city,,,hacienda-heights,false,,,,,
1362,CA - Hercules,CA,Hercules,city,medium,default_city,,,hercules,false,,,,,
2101,CA - Hollywood,CA,Hollywood,city,medium,default_city,,,hollywood,false,,,,,
2242,CA - Irwindale,CA,Irwindale,city,medium,default_city,,,irwindale,false,,,,,
1866,CA - La Mesa,CA,La Mesa,city,medium,default_city,,,la-mesa,false,,,,,
2623,CA - La Verne,CA,La Verne,city,medium,default_city,,,la-verne,false,,,,,
2585,CA - Ladera Ranch,CA,Ladera Ranch,city,medium,default_city,,,ladera-ranch,false,,,,,
2240,CA - Lafayette,CA,Lafayette,city,medium,default_city,,,lafayette,false,,,,,
1889,CA - Laguna Beach,CA,Laguna Beach,city,medium,default_city,,,laguna-beach,false,,,,,
1890,CA - Laguna Niguel,CA,Laguna Niguel,city,medium,default_city,,,laguna-niguel,false,,,,,
1891,CA - Laguna Woods,CA,Laguna Woods,city,medium,default_city,,,laguna-woods,false,,,,,
1363,CA - Larkspur,CA,Larkspur,city,medium,default_city,,,larkspur,false,,,,,
1871,CA - Lemon Grove,CA,Lemon Grove,city,medium,default_city,,,lemon-grove,false,,,,,
752,CA - Los Alamitos,CA,Los Alamitos,city,medium,default_city,,,los-alamitos,false,,,,,
438,CA - Los Altos,CA,Los Altos,city,medium,default_city,,,los-altos,false,,,,,
2113,CA - Los Gatos,CA,Los Gatos,city,medium,default_city,,,los-gatos,false,,,,,
2326,CA - Malibu,CA,Malibu,city,medium,default_city,,,malibu,false,,,,,
2001,CA - Manhattan Beach,CA,Manhattan Beach,city,medium,default_city,,,manhattan-beach,false,,,,,
1562,CA - Manteca,CA,Manteca,city,medium,default_city,,,manteca,false,,,,,
608,CA - Marina Del Rey,CA,Marina Del Rey,city,medium,default_city,,,marina-del-rey,false,,,,,
1364,CA - Mill Valley,CA,Mill Valley,city,medium,default_city,,,mill-valley,false,,,,,
1365,CA - Millbrae,CA,Millbrae,city,medium,default_city,,,millbrae,false,,,,,
1563,CA - Modesto,CA,Modesto,city,medium,default_city,,,modesto,false,,,,,
2633,CA - Montclair,CA,Montclair,city,medium,default_city,,,montclair,false,,,,,
2145,CA - Montebello,CA,Montebello,city,medium,default_city,,,montebello,false,,,,,
2144,CA - Monterey Park,CA,Monterey Park,city,medium,default_city,,,monterey-park,false,,,,,
1872,CA - National City,CA,National City,city,medium,default_city,,,national-city,false,,,,,
1956,CA - Northridge,CA,Northridge,city,medium,default_city,,,northridge,false,,,,,
2448,CA - Orinda,CA,Orinda,city,medium,default_city,,,orinda,false,,,,,
2595,CA - Otay Mesa,CA,Otay Mesa,city,medium,default_city,,,otay-mesa,false,,,,,
2622,CA - Pacoima,CA,Pacoima,city,medium,default_city,,,pacoima,false,,,,,
1954,CA - Panorama City,CA,Panorama City,city,medium,default_city,,,panorama-city,false,,,,,
2142,CA - Pico Rivera,CA,Pico Rivera,city,medium,default_city,,,pico-rivera,false,,,,,
2515,CA - Placerville,CA,Placerville,city,medium,default_city,,,placerville,false,,,,,
2294,CA - Playa Vista,CA,Playa Vista,city,medium,default_city,,,playa-vista,false,,,,,
1874,CA - Poway,CA,Poway,city,medium,default_city,,,poway,false,,,,,
2277,CA - Redondo Beach,CA,Redondo Beach,city,medium,default_city,,,redondo-beach,false,,,,,
1953,CA - Reseda,CA,Reseda,city,medium,default_city,,,reseda,false,,,,,
2237,CA - San Bernadino,CA,San Bernadino,city,medium,default_city,,,san-bernadino,false,,,,,
225,CA - San Fernando Valley,CA,San Fernando Valley,city,medium,default_city,,,san-fernando-valley,false,,,,,
634,CA - San Gabriel Valley-East,CA,San Gabriel Valley-East,submarket,high,city_submarket_pattern,San Gabriel Valley,East,san-gabriel-valley-east,false,,,,,
1896,CA - San Juan Capistrano,CA,San Juan Capistrano,city,medium,default_city,,,san-juan-capistrano,false,,,,,
232,CA - Santa Cruz,CA,Santa Cruz,city,medium,default_city,,,santa-cruz,false,,,,,
1537,CA - Santa Maria,CA,Santa Maria,city,medium,default_city,,,santa-maria,false,,,,,
1876,CA - Santee,CA,Santee,city,medium,default_city,,,santee,false,,,,,
441,CA - Saratoga,CA,Saratoga,city,medium,default_city,,,saratoga,false,,,,,
2135,CA - Scotts Valley,CA,Scotts Valley,city,medium,default_city,,,scotts-valley,false,,,,,
753,CA - Seal Beach,CA,Seal Beach,city,medium,default_city,,,seal-beach,false,,,,,
2497,CA - Sonoma,CA,Sonoma,city,medium,default_city,,,sonoma,false,,,,,
1898,CA - Stanton,CA,Stanton,city,medium,default_city,,,stanton,false,,,,,
763,CA - Studio City,CA,Studio City,city,medium,default_city,,,studio-city,false,,,,,
336,CA - Tahoe Basin,CA,Tahoe Basin,city,medium,default_city,,,tahoe-basin,false,,,,,
972,CA - Tarzana,CA,Tarzana,city,medium,default_city,,,tarzana,false,,,,,
2621,CA - Vernon,CA,Vernon,city,medium,default_city,,,vernon,false,,,,,
2295,CA - West Hollywood,CA,West Hollywood,city,medium,default_city,,,west-hollywood,false,,,,,
1899,CA - Westminster,CA,Westminster,city,medium,default_city,,,westminster,false,,,,,
2639,CA - Wildomar,CA,Wildomar,city,medium,default_city,,,wildomar,false,,,,,
1947,CA - Winnetka,CA,Winnetka,city,medium,default_city,,,winnetka,false,,,,,
1033,CO - Church Ranch,CO,Church Ranch,city,medium,default_city,,,church-ranch,false,,,,,
1055,CO - Denver Golden Triangle,CO,Denver Golden Triangle,city,medium,default_city,,,denver-golden-triangle,false,,,,,
1013,CO - Firestone,CO,Firestone,city,medium,default_city,,,firestone,false,,,,,
1012,CO - Frederick,CO,Frederick,city,medium,default_city,,,frederick,false,,,,,
1000,CO - Glendale,CO,Glendale,city,medium,default_city,,,glendale,false,,,,,
1040,CO - Golden,CO,Golden,city,medium,default_city,,,golden,false,,,,,
1002,CO - Highlands Ranch,CO,Highlands Ranch,city,medium,default_city,,,highlands-ranch,false,,,,,
1034,CO - Interlocken,CO,Interlocken,city,medium,default_city,,,interlocken,false,,,,,
1017,CO - Lafayette,CO,Lafayette,city,medium,default_city,,,lafayette,false,,,,,
1004,CO - Lone Tree,CO,Lone Tree,city,medium,default_city,,,lone-tree,false,,,,,
1016,CO - Louisville,CO,Louisville,city,medium,default_city,,,louisville,false,,,,,
1031,CO - Northglen,CO,Northglen,city,medium,default_city,,,northglen,false,,,,,
1030,CO - Thornton,CO,Thornton,city,medium,default_city,,,thornton,false,,,,,
1378,CT - Ansonia,CT,Ansonia,city,medium,default_city,,,ansonia,false,,,,,
2581,CT - Avon,CT,Avon,city,medium,default_city,,,avon,false,,,,,
1379,CT - Bethel,CT,Bethel,city,medium,default_city,,,bethel,false,,,,,
2574,CT - Bloomfield,CT,Bloomfield,city,medium,default_city,,,bloomfield,false,,,,,
1382,CT - Branford,CT,Branford,city,medium,default_city,,,branford,false,,,,,
2583,CT - Bristol,CT,Bristol,city,medium,default_city,,,bristol,false,,,,,
2054,CT - Cheshire,CT,Cheshire,city,medium,default_city,,,cheshire,false,,,,,
2183,CT - Cromwell,CT,Cromwell,city,medium,default_city,,,cromwell,false,,,,,
2329,CT - East Berlin,CT,East Berlin,city,medium,default_city,,,east-berlin,false,,,,,
2384,CT - Fairfield,CT,Fairfield,city,medium,default_city,,,fairfield,false,,,,,
2580,CT - Glastonbury,CT,Glastonbury,city,medium,default_city,,,glastonbury,false,,,,,
2383,CT - Groton,CT,Groton,city,medium,default_city,,,groton,false,,,,,
2493,CT - Hamden,CT,Hamden,city,medium,default_city,,,hamden,false,,,,,
2575,CT - Longmeadow,CT,Longmeadow,city,medium,default_city,,,longmeadow,false,,,,,
2494,CT - Milford,CT,Milford,city,medium,default_city,,,milford,false,,,,,
2577,CT - New Britain,CT,New Britain,city,medium,default_city,,,new-britain,false,,,,,
2492,CT - New Canaan,CT,New Canaan,city,medium,default_city,,,new-canaan,false,,,,,
173,CT - New London,CT,New London,city,medium,default_city,,,new-london,false,,,,,
2055,CT - Newington,CT,Newington,city,medium,default_city,,,newington,false,,,,,
2579,CT - Old Saybrook,CT,Old Saybrook,city,medium,default_city,,,old-saybrook,false,,,,,
2495,CT - Sandy Hook,CT,Sandy Hook,city,medium,default_city,,,sandy-hook,false,,,,,
2578,CT - Somers,CT,Somers,city,medium,default_city,,,somers,false,,,,,
2582,CT - Springfield,CT,Springfield,city,medium,default_city,,,springfield,false,,,,,
625,CT - Waterbury,CT,Waterbury,city,medium,default_city,,,waterbury,false,,,,,
1443,DC - Capitol Riverfront,DC,Capitol Riverfront,city,medium,default_city,,,capitol-riverfront,false,,,,,
1442,DC - Georgetown,DC,Georgetown,city,medium,default_city,,,georgetown,false,,,,,
1445,DC - Northeast,DC,Northeast,city,medium,default_city,,,northeast,false,,,,,
1446,DC - Northwest,DC,Northwest,city,medium,default_city,,,northwest,false,,,,,
1449,DC - Southeast,DC,Southeast,city,medium,default_city,,,southeast,false,,,,,
1444,DC - West End,DC,West End,city,medium,default_city,,,west-end,false,,,,,
1458,DE - Greenville,DE,Greenville,city,medium,default_city,,,greenville,false,,,,,
1461,DE - Montchanin,DE,Montchanin,city,medium,default_city,,,montchanin,false,,,,,
1460,DE - Newport,DE,Newport,city,medium,default_city,,,newport,false,,,,,
18,FL - Aventura,FL,Aventura,city,medium,default_city,,,aventura,false,,,,,
2450,FL - Bluffton,FL,Bluffton,city,medium,default_city,,,bluffton,false,,,,,
2534,FL - Boynton Beach,FL,Boynton Beach,city,medium,default_city,,,boynton-beach,false,,,,,
1662,FL - Casselberry,FL,Casselberry,city,medium,default_city,,,casselberry,false,,,,,
776,FL - Celebration,FL,Celebration,city,medium,default_city,,,celebration,false,,,,,
2491,FL - Coconut Creek,FL,Coconut Creek,city,medium,default_city,,,coconut-creek,false,,,,,
1596,FL - Cooper City,FL,Cooper City,city,medium,default_city,,,cooper-city,false,,,,,
1976,FL - Cypress Creek,FL,Cypress Creek,city,medium,default_city,,,cypress-creek,false,,,,,
1605,FL - Dania Beach,FL,Dania Beach,city,medium,default_city,,,dania-beach,false,,,,,
1597,FL - Davie,FL,Davie,city,medium,default_city,,,davie,false,,,,,
959,FL - Daytona,FL,Daytona,city,medium,default_city,,,daytona,false,,,,,
1151,FL - Doral,FL,Doral,city,medium,default_city,,,doral,false,,,,,
2263,FL - East Lake Orient Park,FL,East Lake Orient Park,city,medium,default_city,,,east-lake-orient-park,false,,,,,
2451,FL - Ft. Lauderdale,FL,Ft. Lauderdale,city,medium,default_city,,,ft-lauderdale,false,,,,,
1606,FL - Hallandale,FL,Hallandale,city,medium,default_city,,,hallandale,false,,,,,
576,FL - Kendall,FL,Kendall,city,medium,default_city,,,kendall,false,,,,,
1601,FL - Lauderdale Lakes,FL,Lauderdale Lakes,city,medium,default_city,,,lauderdale-lakes,false,,,,,
1602,FL - Lauderhill,FL,Lauderhill,city,medium,default_city,,,lauderhill,false,,,,,
1600,FL - Lighthouse Point,FL,Lighthouse Point,city,medium,default_city,,,lighthouse-point,false,,,,,
1670,FL - Longwood,FL,Longwood,city,medium,default_city,,,longwood,false,,,,,
2627,FL - Mango,FL,Mango,city,medium,default_city,,,mango,false,,,,,
1599,FL - Margate,FL,Margate,city,medium,default_city,,,margate,false,,,,,
1607,FL - Miami Gardens,FL,Miami Gardens,city,medium,default_city,,,miami-gardens,false,,,,,
2619,FL - Neptune,FL,Neptune,city,medium,default_city,,,neptune,false,,,,,
1604,FL - Oakland Park,FL,Oakland Park,city,medium,default_city,,,oakland-park,false,,,,,
1669,FL - Ocoee,FL,Ocoee,city,medium,default_city,,,ocoee,false,,,,,
1665,FL - Oviedo,FL,Oviedo,city,medium,default_city,,,oviedo,false,,,,,
2159,FL - Palm Beach,FL,Palm Beach,city,medium,default_city,,,palm-beach,false,,,,,
201,FL - Pembroke Pines,FL,Pembroke Pines,city,medium,default_city,,,pembroke-pines,false,,,,,
1570,FL - Pinellas Park,FL,Pinellas Park,city,medium,default_city,,,pinellas-park,false,,,,,
2620,FL - Ponte Vedra,FL,Ponte Vedra,city,medium,default_city,,,ponte-vedra,false,,,,,
2551,FL - Safety Harbor,FL,Safety Harbor,city,medium,default_city,,,safety-harbor,false,,,,,
1572,FL - Saint Pete Beach,FL,Saint Pete Beach,city,medium,default_city,,,saint-pete-beach,false,,,,,
2333,FL - Sandestin,FL,Sandestin,city,medium,default_city,,,sandestin,false,,,,,
1573,FL - Seminole,FL,Seminole,city,medium,default_city,,,seminole,false,,,,,
2681,FL - St Lucie,FL,St Lucie,city,medium,default_city,,,st-lucie,false,,,,,
250,FL - St Petersburg,FL,St Petersburg,city,medium,default_city,,,st-petersburg,false,,,,,
2690,FL - St Petersburg CBD,FL,St Petersburg CBD,city,medium,default_city,,,st-petersburg-cbd,false,,,,,
2414,FL - Sunny Isles Beach,FL,Sunny Isles Beach,city,medium,default_city,,,sunny-isles-beach,false,,,,,
1603,FL - Tamarac,FL,Tamarac,city,medium,default_city,,,tamarac,false,,,,,
1576,FL - Temple Terrace,FL,Temple Terrace,city,medium,default_city,,,temple-terrace,false,,,,,
2266,FL - Town n Country,FL,Town n Country,city,medium,default_city,,,town-n-country,false,,,,,
1575,FL - Trinity,FL,Trinity,city,medium,default_city,,,trinity,false,,,,,
2628,FL - Valrico,FL,Valrico,city,medium,default_city,,,valrico,false,,,,,
1663,FL - Winter Springs,FL,Winter Springs,city,medium,default_city,,,winter-springs,false,,,,,
1352,GA - Adairsville,GA,Adairsville,city,medium,default_city,,,adairsville,false,,,,,
602,GA - Atlanta Airport-South,GA,Atlanta Airport-South,submarket,high,city_submarket_pattern,Atlanta Airport,South,atlanta-airport-south,false,,,,,
2316,GA - College Park,GA,College Park,city,medium,default_city,,,college-park,false,,,,,
2196,GA - Doraville,GA,Doraville,city,medium,default_city,,,doraville,false,,,,,
500,GA - Dunwoody,GA,Dunwoody,city,medium,default_city,,,dunwoody,false,,,,,
2335,GA - Johns Creek,GA,Johns Creek,city,medium,default_city,,,johns-creek,false,,,,,
1992,GA - Northlake,GA,Northlake,city,medium,default_city,,,northlake,false,,,,,
2556,GA - Peachtree City,GA,Peachtree City,city,medium,default_city,,,peachtree-city,false,,,,,
2264,GA - Sandy Springs,GA,Sandy Springs,city,medium,default_city,,,sandy-springs,false,,,,,
2195,GA - Sugar Hill,GA,Sugar Hill,city,medium,default_city,,,sugar-hill,false,,,,,
2555,GA - Tyrone,GA,Tyrone,city,medium,default_city,,,tyrone,false,,,,,
1281,HI - East Oahu,HI,East Oahu,city,medium,default_city,,,east-oahu,false,,,,,
1286,HI - Leeward Oahu,HI,Leeward Oahu,city,medium,default_city,,,leeward-oahu,false,,,,,
147,HI - Maui,HI,Maui,city,medium,default_city,,,maui,false,,,,,
1287,HI - Windward Oahu,HI,Windward Oahu,city,medium,default_city,,,windward-oahu,false,,,,,
518,IA - Bettendorf,IA,Bettendorf,city,medium,default_city,,,bettendorf,false,,,,,
1384,IA - Council Bluffs,IA,Council Bluffs,city,medium,default_city,,,council-bluffs,false,,,,,
2676,ID - Coeur D'Alene,ID,Coeur D'Alene,city,medium,default_city,,,coeur-d-alene,false,,,,,
2661,ID - Treasire Valley,ID,Treasire Valley,city,medium,default_city,,,treasire-valley,false,,,,,
1140,IL - Addison,IL,Addison,city,medium,default_city,,,addison,false,,,,,
1197,IL - Bannockburn,IL,Bannockburn,city,medium,default_city,,,bannockburn,false,,,,,
2600,IL - Bedford Park,IL,Bedford Park,city,medium,default_city,,,bedford-park,false,,,,,
1164,IL - Bloomingdale,IL,Bloomingdale,city,medium,default_city,,,bloomingdale,false,,,,,
614,IL - Burr Ridge,IL,Burr Ridge,city,medium,default_city,,,burr-ridge,false,,,,,
2523,IL - Cicero,IL,Cicero,city,medium,default_city,,,cicero,false,,,,,
1165,IL - Crystal Lake,IL,Crystal Lake,city,medium,default_city,,,crystal-lake,false,,,,,
1173,IL - Darien,IL,Darien,city,medium,default_city,,,darien,false,,,,,
2198,IL - East Moline,IL,East Moline,city,medium,default_city,,,east-moline,false,,,,,
1194,IL - Elk Grove,IL,Elk Grove,city,medium,default_city,,,elk-grove,false,,,,,
2385,IL - Evergreen Park,IL,Evergreen Park,city,medium,default_city,,,evergreen-park,false,,,,,
1176,IL - Glen Ellyn,IL,Glen Ellyn,city,medium,default_city,,,glen-ellyn,false,,,,,
1202,IL - Gurnee,IL,Gurnee,city,medium,default_city,,,gurnee,false,,,,,
2500,IL - Hillside,IL,Hillside,city,medium,default_city,,,hillside,false,,,,,
1177,IL - Hinsdale,IL,Hinsdale,city,medium,default_city,,,hinsdale,false,,,,,
2171,IL - I-88 East West Corridor,IL,I-88 East West Corridor,submarket,high,city_submarket_pattern,I,88 East West Corridor,i-88-east-west-corridor,false,,,,,
1206,IL - Lincolnshire,IL,Lincolnshire,city,medium,default_city,,,lincolnshire,false,,,,,
1207,IL - Lincolnwood,IL,Lincolnwood,city,medium,default_city,,,lincolnwood,false,,,,,
1179,IL - Lombard,IL,Lombard,city,medium,default_city,,,lombard,false,,,,,
924,IL - Moline,IL,Moline,city,medium,default_city,,,moline,false,,,,,
1208,IL - Morton Grove,IL,Morton Grove,city,medium,default_city,,,morton-grove,false,,,,,
1168,IL - Mount Prospect,IL,Mount Prospect,city,medium,default_city,,,mount-prospect,false,,,,,
1209,IL - Mundenlein,IL,Mundenlein,city,medium,default_city,,,mundenlein,false,,,,,
1211,IL - Northfield,IL,Northfield,city,medium,default_city,,,northfield,false,,,,,
1188,IL - Oak Lawn,IL,Oak Lawn,city,medium,default_city,,,oak-lawn,false,,,,,
2274,IL - Oakbrook Terrace,IL,Oakbrook Terrace,city,medium,default_city,,,oakbrook-terrace,false,,,,,
1190,IL - Palos Heights,IL,Palos Heights,city,medium,default_city,,,palos-heights,false,,,,,
2197,IL - Rock Island,IL,Rock Island,city,medium,default_city,,,rock-island,false,,,,,
2565,IL - South Holland,IL,South Holland,city,medium,default_city,,,south-holland,false,,,,,
1180,IL - St. Charles,IL,St. Charles,city,medium,default_city,,,st-charles,false,,,,,
1213,IL - Vernon Hills,IL,Vernon Hills,city,medium,default_city,,,vernon-hills,false,,,,,
1182,IL - Westmont,IL,Westmont,city,medium,default_city,,,westmont,false,,,,,
1749,IN - Avon,IN,Avon,city,medium,default_city,,,avon,false,,,,,
2398,IN - Buchanan,IN,Buchanan,city,medium,default_city,,,buchanan,false,,,,,
1702,IN - Columbia City,IN,Columbia City,city,medium,default_city,,,columbia-city,false,,,,,
70,IN - Elkhart,IN,Elkhart,city,medium,default_city,,,elkhart,false,,,,,
1699,IN - Huntington,IN,Huntington,city,medium,default_city,,,huntington,false,,,,,
2202,IN - Lawrence,IN,Lawrence,city,medium,default_city,,,lawrence,false,,,,,
1588,IN - Louisville,IN,Louisville,city,medium,default_city,,,louisville,false,,,,,
160,IN - Mishawaka,IN,Mishawaka,city,medium,default_city,,,mishawaka,false,,,,,
2399,IN - Plymouth,IN,Plymouth,city,medium,default_city,,,plymouth,false,,,,,
2396,IN - Saint Joseph,IN,Saint Joseph,city,medium,default_city,,,saint-joseph,false,,,,,
2608,KS - Edwardsville,KS,Edwardsville,city,medium,default_city,,,edwardsville,false,,,,,
1589,KS - Kansas City,KS,Kansas City,city,medium,default_city,,,kansas-city,false,,,,,
1806,KS - Lenexa,KS,Lenexa,city,medium,default_city,,,lenexa,false,,,,,
1808,KS - Merriam,KS,Merriam,city,medium,default_city,,,merriam,false,,,,,
1809,KS - Mission,KS,Mission,city,medium,default_city,,,mission,false,,,,,
2299,KS - Roeland Park,KS,Roeland Park,city,medium,default_city,,,roeland-park,false,,,,,
433,KY - Erlanger,KY,Erlanger,city,medium,default_city,,,erlanger,false,,,,,
1794,KY - Fort Mitchell,KY,Fort Mitchell,city,medium,default_city,,,fort-mitchell,false,,,,,
1792,KY - Fort Wright,KY,Fort Wright,city,medium,default_city,,,fort-wright,false,,,,,
2381,KY - Jeffersontown,KY,Jeffersontown,city,medium,default_city,,,jeffersontown,false,,,,,
1979,LA - Harahan,LA,Harahan,city,medium,default_city,,,harahan,false,,,,,
1982,LA - Saint Rose,LA,Saint Rose,city,medium,default_city,,,saint-rose,false,,,,,
1367,MA - Acton,MA,Acton,city,medium,default_city,,,acton,false,,,,,
1368,MA - Agawam,MA,Agawam,city,medium,default_city,,,agawam,false,,,,,
1370,MA - Arlington,MA,Arlington,city,medium,default_city,,,arlington,false,,,,,
1371,MA - Ashland,MA,Ashland,city,medium,default_city,,,ashland,false,,,,,
1372,MA - Auburn,MA,Auburn,city,medium,default_city,,,auburn,false,,,,,
1373,MA - Avon,MA,Avon,city,medium,default_city,,,avon,false,,,,,
1374,MA - Bedford,MA,Bedford,city,medium,default_city,,,bedford,false,,,,,
1375,MA - Bellingham,MA,Bellingham,city,medium,default_city,,,bellingham,false,,,,,
1376,MA - Beverly,MA,Beverly,city,medium,default_city,,,beverly,false,,,,,
1377,MA - Billerica,MA,Billerica,city,medium,default_city,,,billerica,false,,,,,
2107,MA - Braintree,MA,Braintree,city,medium,default_city,,,braintree,false,,,,,
1859,MA - Brighton,MA,Brighton,city,medium,default_city,,,brighton,false,,,,,
2078,MA - Dover,MA,Dover,city,medium,default_city,,,dover,false,,,,,
1592,MA - Fall River,MA,Fall River,city,medium,default_city,,,fall-river,false,,,,,
2464,MA - Franklin,MA,Franklin,city,medium,default_city,,,franklin,false,,,,,
2590,MA - Hanover,MA,Hanover,city,medium,default_city,,,hanover,false,,,,,
2076,MA - Holliston,MA,Holliston,city,medium,default_city,,,holliston,false,,,,,
2460,MA - Hudson,MA,Hudson,city,medium,default_city,,,hudson,false,,,,,
2477,MA - Jamaica Plain,MA,Jamaica Plain,city,medium,default_city,,,jamaica-plain,false,,,,,
2323,MA - Lowell,MA,Lowell,city,medium,default_city,,,lowell,false,,,,,
2108,MA - Mansfield,MA,Mansfield,city,medium,default_city,,,mansfield,false,,,,,
442,MA - Natick,MA,Natick,city,medium,default_city,,,natick,false,,,,,
2613,MA - North Andover,MA,North Andover,city,medium,default_city,,,north-andover,false,,,,,
2458,MA - Randolph,MA,Randolph,city,medium,default_city,,,randolph,false,,,,,
2462,MA - Rockland,MA,Rockland,city,medium,default_city,,,rockland,false,,,,,
2461,MA - Roxbury,MA,Roxbury,city,medium,default_city,,,roxbury,false,,,,,
2463,MA - Salem,MA,Salem,city,medium,default_city,,,salem,false,,,,,
2075,MA - Sherborn,MA,Sherborn,city,medium,default_city,,,sherborn,false,,,,,
2072,MA - Southborough,MA,Southborough,city,medium,default_city,,,southborough,false,,,,,
2077,MA - Sudbury,MA,Sudbury,city,medium,default_city,,,sudbury,false,,,,,
2074,MA - Wayland,MA,Wayland,city,medium,default_city,,,wayland,false,,,,,
2070,MA - Wellesley,MA,Wellesley,city,medium,default_city,,,wellesley,false,,,,,
2071,MA - Westborough,MA,Westborough,city,medium,default_city,,,westborough,false,,,,,
2073,MA - Weston,MA,Weston,city,medium,default_city,,,weston,false,,,,,
756,MD - Annapolis Junction,MD,Annapolis Junction,city,medium,default_city,,,annapolis-junction,false,,,,,
412,MD - Belair,MD,Belair,city,medium,default_city,,,belair,false,,,,,
1418,MD - Beltsville,MD,Beltsville,city,medium,default_city,,,beltsville,false,,,,,
1419,MD - Calverton,MD,Calverton,city,medium,default_city,,,calverton,false,,,,,
1428,MD - Cheverly,MD,Cheverly,city,medium,default_city,,,cheverly,false,,,,,
1429,MD - Clinton,MD,Clinton,city,medium,default_city,,,clinton,false,,,,,
2269,MD - Cockeysville,MD,Cockeysville,city,medium,default_city,,,cockeysville,false,,,,,
1420,MD - College Park,MD,College Park,city,medium,default_city,,,college-park,false,,,,,
1430,MD - Forestville,MD,Forestville,city,medium,default_city,,,forestville,false,,,,,
1421,MD - Greenbelt,MD,Greenbelt,city,medium,default_city,,,greenbelt,false,,,,,
757,MD - Hanover,MD,Hanover,city,medium,default_city,,,hanover,false,,,,,
2203,MD - Harford,MD,Harford,city,medium,default_city,,,harford,false,,,,,
1422,MD - Hyattsville,MD,Hyattsville,city,medium,default_city,,,hyattsville,false,,,,,
1423,MD - Kensington,MD,Kensington,city,medium,default_city,,,kensington,false,,,,,
1431,MD - Landover,MD,Landover,city,medium,default_city,,,landover,false,,,,,
1432,MD - Lanham,MD,Lanham,city,medium,default_city,,,lanham,false,,,,,
1433,MD - Largo,MD,Largo,city,medium,default_city,,,largo,false,,,,,
131,MD - Linthicum,MD,Linthicum,city,medium,default_city,,,linthicum,false,,,,,
1424,MD - North Bethesda,MD,North Bethesda,city,medium,default_city,,,north-bethesda,false,,,,,
759,MD - Owings Mills,MD,Owings Mills,city,medium,default_city,,,owings-mills,false,,,,,
2204,MD - Reistertown,MD,Reistertown,city,medium,default_city,,,reistertown,false,,,,,
1425,MD - Riverdale,MD,Riverdale,city,medium,default_city,,,riverdale,false,,,,,
1434,MD - Temple Hills,MD,Temple Hills,city,medium,default_city,,,temple-hills,false,,,,,
413,MD - Timonium,MD,Timonium,city,medium,default_city,,,timonium,false,,,,,
1427,MD - Upper Marlboro,MD,Upper Marlboro,city,medium,default_city,,,upper-marlboro,false,,,,,
1426,MD - Wheaton,MD,Wheaton,city,medium,default_city,,,wheaton,false,,,,,
2437,MI - Bellaire,MI,Bellaire,city,medium,default_city,,,bellaire,false,,,,,
2617,MI - Brownstown Township,MI,Brownstown Township,city,medium,default_city,,,brownstown-township,false,,,,,
1089,MI - Farmington Hills,MI,Farmington Hills,city,medium,default_city,,,farmington-hills,false,,,,,
2436,MI - Garfield Twp,MI,Garfield Twp,city,medium,default_city,,,garfield-twp,false,,,,,
1084,MI - Gross Pointe,MI,Gross Pointe,city,medium,default_city,,,gross-pointe,false,,,,,
1985,MI - Haslett,MI,Haslett,city,medium,default_city,,,haslett,false,,,,,
2438,MI - Kalkaska,MI,Kalkaska,city,medium,default_city,,,kalkaska,false,,,,,
2048,MI - Kentwood,MI,Kentwood,city,medium,default_city,,,kentwood,false,,,,,
2554,MI - Lathrup Village,MI,Lathrup Village,city,medium,default_city,,,lathrup-village,false,,,,,
2572,MI - Manistee,MI,Manistee,city,medium,default_city,,,manistee,false,,,,,
2434,MI - Northern,MI,Northern,city,medium,default_city,,,northern,false,,,,,
1987,MI - Okemos,MI,Okemos,city,medium,default_city,,,okemos,false,,,,,
1080,MI - Rochester Hills,MI,Rochester Hills,city,medium,default_city,,,rochester-hills,false,,,,,
364,MI - Southeast Michigan,MI,Southeast Michigan,city,medium,default_city,,,southeast-michigan,false,,,,,
244,MI - Southwest Michigan,MI,Southwest Michigan,city,medium,default_city,,,southwest-michigan,false,,,,,
1479,MN - Apple Valley,MN,Apple Valley,city,medium,default_city,,,apple-valley,false,,,,,
1480,MN - Arden Hills,MN,Arden Hills,city,medium,default_city,,,arden-hills,false,,,,,
1481,MN - Blaine,MN,Blaine,city,medium,default_city,,,blaine,false,,,,,
315,MN - Bloomington,MN,Bloomington,city,medium,default_city,,,bloomington,false,,,,,
1483,MN - Brooklyn Center,MN,Brooklyn Center,city,medium,default_city,,,brooklyn-center,false,,,,,
1482,MN - Brooklyn Park,MN,Brooklyn Park,city,medium,default_city,,,brooklyn-park,false,,,,,
1485,MN - Champlin,MN,Champlin,city,medium,default_city,,,champlin,false,,,,,
1486,MN - Chaska,MN,Chaska,city,medium,default_city,,,chaska,false,,,,,
1487,MN - Coon Rapids,MN,Coon Rapids,city,medium,default_city,,,coon-rapids,false,,,,,
1488,MN - Cottage Grove,MN,Cottage Grove,city,medium,default_city,,,cottage-grove,false,,,,,
1489,MN - Crystal,MN,Crystal,city,medium,default_city,,,crystal,false,,,,,
1490,MN - Eagan,MN,Eagan,city,medium,default_city,,,eagan,false,,,,,
1492,MN - Edina,MN,Edina,city,medium,default_city,,,edina,false,,,,,
1494,MN - Farmington,MN,Farmington,city,medium,default_city,,,farmington,false,,,,,
1495,MN - Fridley,MN,Fridley,city,medium,default_city,,,fridley,false,,,,,
1496,MN - Golden Valley,MN,Golden Valley,city,medium,default_city,,,golden-valley,false,,,,,
1497,MN - Hastings,MN,Hastings,city,medium,default_city,,,hastings,false,,,,,
1498,MN - Hudson,MN,Hudson,city,medium,default_city,,,hudson,false,,,,,
1504,MN - Little Canada,MN,Little Canada,city,medium,default_city,,,little-canada,false,,,,,
1503,MN - Maple Grove,MN,Maple Grove,city,medium,default_city,,,maple-grove,false,,,,,
1502,MN - Maplewood,MN,Maplewood,city,medium,default_city,,,maplewood,false,,,,,
1501,MN - Mendota Heights,MN,Mendota Heights,city,medium,default_city,,,mendota-heights,false,,,,,
536,MN - Minneapolis CBD,MN,Minneapolis CBD,city,medium,default_city,,,minneapolis-cbd,false,,,,,
2273,MN - Plymouth,MN,Plymouth,city,medium,default_city,,,plymouth,false,,,,,
2349,MN - St Cloud,MN,St Cloud,city,medium,default_city,,,st-cloud,false,,,,,
2267,MN - St Louis Park,MN,St Louis Park,city,medium,default_city,,,st-louis-park,false,,,,,
537,MN - St. Paul,MN,St. Paul,city,medium,default_city,,,st-paul,false,,,,,
1746,MO - Arnold,MO,Arnold,city,medium,default_city,,,arnold,false,,,,,
1735,MO - Ballwin,MO,Ballwin,city,medium,default_city,,,ballwin,false,,,,,
1803,MO - Blue Springs,MO,Blue Springs,city,medium,default_city,,,blue-springs,false,,,,,
1674,MO - Brentwood,MO,Brentwood,city,medium,default_city,,,brentwood,false,,,,,
2531,MO - Bridgeton,MO,Bridgeton,city,medium,default_city,,,bridgeton,false,,,,,
1675,MO - Clayton,MO,Clayton,city,medium,default_city,,,clayton,false,,,,,
2532,MO - Collinsville,MO,Collinsville,city,medium,default_city,,,collinsville,false,,,,,
1676,MO - Creve Coeur,MO,Creve Coeur,city,medium,default_city,,,creve-coeur,false,,,,,
1804,MO - Gladstone,MO,Gladstone,city,medium,default_city,,,gladstone,false,,,,,
2537,MO - Glen Carbon,MO,Glen Carbon,city,medium,default_city,,,glen-carbon,false,,,,,
2535,MO - Hazelwood,MO,Hazelwood,city,medium,default_city,,,hazelwood,false,,,,,
1805,MO - Independence,MO,Independence,city,medium,default_city,,,independence,false,,,,,
1678,MO - Kirkwood,MO,Kirkwood,city,medium,default_city,,,kirkwood,false,,,,,
969,MO - Lee's Summit,MO,Lee's Summit,city,medium,default_city,,,lee-s-summit,false,,,,,
1807,MO - Liberty,MO,Liberty,city,medium,default_city,,,liberty,false,,,,,
1742,MO - O'Fallon,MO,O'Fallon,city,medium,default_city,,,o-fallon,false,,,,,
1679,MO - Olivette,MO,Olivette,city,medium,default_city,,,olivette,false,,,,,
1681,MO - Richmond Heights,MO,Richmond Heights,city,medium,default_city,,,richmond-heights,false,,,,,
248,MO - St Louis,MO,St Louis,city,medium,default_city,,,st-louis,false,,,,,
1741,MO - St. Charles,MO,St. Charles,city,medium,default_city,,,st-charles,false,,,,,
2452,MO - St. Louis,MO,St. Louis,city,medium,default_city,,,st-louis,false,,,,,
1829,MO - St. Louis-Carr Square,MO,St. Louis-Carr Square,submarket,high,city_submarket_pattern,St. Louis,Carr Square,st-louis-carr-square,false,,,,,
1837,MO - St. Louis-Chouteau,MO,St. Louis-Chouteau,submarket,high,city_submarket_pattern,St. Louis,Chouteau,st-louis-chouteau,false,,,,,
1834,MO - St. Louis-Civic Center,MO,St. Louis-Civic Center,submarket,high,city_submarket_pattern,St. Louis,Civic Center,st-louis-civic-center,false,,,,,
1830,MO - St. Louis-Columbus Square,MO,St. Louis-Columbus Square,submarket,high,city_submarket_pattern,St. Louis,Columbus Square,st-louis-columbus-square,false,,,,,
1835,MO - St. Louis-Cupples Station/Ballpark,MO,St. Louis-Cupples Station/Ballpark,submarket,high,city_submarket_pattern,St. Louis,Cupples Station/Ballpark,st-louis-cupples-station-ballpark,false,,,,,
1831,MO - St. Louis-Downtown West,MO,St. Louis-Downtown West,submarket,high,city_submarket_pattern,St. Louis,Downtown West,st-louis-downtown-west,false,,,,,
1833,MO - St. Louis-Garment District,MO,St. Louis-Garment District,submarket,high,city_submarket_pattern,St. Louis,Garment District,st-louis-garment-district,false,,,,,
1838,MO - St. Louis-MidTown,MO,St. Louis-MidTown,submarket,high,city_submarket_pattern,St. Louis,MidTown,st-louis-midtown,false,,,,,
1839,MO - St. Louis-Old North,MO,St. Louis-Old North,submarket,high,city_submarket_pattern,St. Louis,Old North,st-louis-old-north,false,,,,,
1836,MO - St. Louis-Riverside North,MO,St. Louis-Riverside North,submarket,high,city_submarket_pattern,St. Louis,Riverside North,st-louis-riverside-north,false,,,,,
2536,MO - Troy,MO,Troy,city,medium,default_city,,,troy,false,,,,,
2618,MO - Webster Groves,MO,Webster Groves,city,medium,default_city,,,webster-groves,false,,,,,
1736,MO - Westport,MO,Westport,city,medium,default_city,,,westport,false,,,,,
736,MS - Hinds,MS,Hinds,city,medium,default_city,,,hinds,false,,,,,
1692,NC - Apex,NC,Apex,city,medium,default_city,,,apex,false,,,,,
2675,NC - Ballantyne,NC,Ballantyne,city,medium,default_city,,,ballantyne,false,,,,,
2602,NC - Fuquay Varina,NC,Fuquay Varina,city,medium,default_city,,,fuquay-varina,false,,,,,
1697,NC - Garner,NC,Garner,city,medium,default_city,,,garner,false,,,,,
1590,NC - Gastonia,NC,Gastonia,city,medium,default_city,,,gastonia,false,,,,,
573,NC - Huntersville,NC,Huntersville,city,medium,default_city,,,huntersville,false,,,,,
1693,NC - Knightdale,NC,Knightdale,city,medium,default_city,,,knightdale,false,,,,,
1688,NC - Matthews,NC,Matthews,city,medium,default_city,,,matthews,false,,,,,
1694,NC - Morrisville,NC,Morrisville,city,medium,default_city,,,morrisville,false,,,,,
1689,NC - Pineville,NC,Pineville,city,medium,default_city,,,pineville,false,,,,,
375,NC - Research Triangle,NC,Research Triangle,city,medium,default_city,,,research-triangle,false,,,,,
2209,NC - Salem,NC,Salem,city,medium,default_city,,,salem,false,,,,,
2208,NC - Winston-Salem,NC,Winston-Salem,submarket,high,city_submarket_pattern,Winston,Salem,winston-salem,false,,,,,
1698,NC - Zebulon,NC,Zebulon,city,medium,default_city,,,zebulon,false,,,,,
1385,NE - Elkhorn,NE,Elkhorn,city,medium,default_city,,,elkhorn,false,,,,,
1388,NE - Ralston,NE,Ralston,city,medium,default_city,,,ralston,false,,,,,
2404,NH - Hooksett,NH,Hooksett,city,medium,default_city,,,hooksett,false,,,,,
1998,NH - Newbury,NH,Newbury,city,medium,default_city,,,newbury,false,,,,,
1996,NH - Sunapee,NH,Sunapee,city,medium,default_city,,,sunapee,false,,,,,
2081,NH - West Lebanon,NH,West Lebanon,city,medium,default_city,,,west-lebanon,false,,,,,
1462,NJ - Andover,NJ,Andover,city,medium,default_city,,,andover,false,,,,,
1339,NJ - Avenel,NJ,Avenel,city,medium,default_city,,,avenel,false,,,,,
25,NJ - Bergen,NJ,Bergen,city,medium,default_city,,,bergen,false,,,,,
2588,NJ - Blackwood,NJ,Blackwood,city,medium,default_city,,,blackwood,false,,,,,
1321,NJ - Bound Brook,NJ,Bound Brook,city,medium,default_city,,,bound-brook,false,,,,,
1322,NJ - Branchburg,NJ,Branchburg,city,medium,default_city,,,branchburg,false,,,,,
1406,NJ - Camden,NJ,Camden,city,medium,default_city,,,camden,false,,,,,
2409,NJ - Cedar Grove,NJ,Cedar Grove,city,medium,default_city,,,cedar-grove,false,,,,,
1506,NJ - Central,NJ,Central,city,medium,default_city,,,central,false,,,,,
1341,NJ - Clark,NJ,Clark,city,medium,default_city,,,clark,false,,,,,
2407,NJ - Clifton,NJ,Clifton,city,medium,default_city,,,clifton,false,,,,,
1342,NJ - Cranbury,NJ,Cranbury,city,medium,default_city,,,cranbury,false,,,,,
2528,NJ - Dayton,NJ,Dayton,city,medium,default_city,,,dayton,false,,,,,
1467,NJ - Denville,NJ,Denville,city,medium,default_city,,,denville,false,,,,,
1343,NJ - East Windsor,NJ,East Windsor,city,medium,default_city,,,east-windsor,false,,,,,
2307,NJ - Emerson,NJ,Emerson,city,medium,default_city,,,emerson,false,,,,,
2540,NJ - Englishtown,NJ,Englishtown,city,medium,default_city,,,englishtown,false,,,,,
2285,NJ - Evesham Township,NJ,Evesham Township,city,medium,default_city,,,evesham-township,false,,,,,
2304,NJ - Fair Lawn,NJ,Fair Lawn,city,medium,default_city,,,fair-lawn,false,,,,,
76,NJ - Fairfield,NJ,Fairfield,city,medium,default_city,,,fairfield,false,,,,,
2377,NJ - Fords,NJ,Fords,city,medium,default_city,,,fords,false,,,,,
1463,NJ - Franklin,NJ,Franklin,city,medium,default_city,,,franklin,false,,,,,
1344,NJ - Green Brook,NJ,Green Brook,city,medium,default_city,,,green-brook,false,,,,,
1468,NJ - Hackettstown,NJ,Hackettstown,city,medium,default_city,,,hackettstown,false,,,,,
2311,NJ - Hasbrook Heights,NJ,Hasbrook Heights,city,medium,default_city,,,hasbrook-heights,false,,,,,
946,NJ - Hawthorne,NJ,Hawthorne,city,medium,default_city,,,hawthorne,false,,,,,
1326,NJ - Highland Park,NJ,Highland Park,city,medium,default_city,,,highland-park,false,,,,,
398,NJ - Hillsborough,NJ,Hillsborough,city,medium,default_city,,,hillsborough,false,,,,,
2069,NJ - Holmdel,NJ,Holmdel,city,medium,default_city,,,holmdel,false,,,,,
1345,NJ - Jamesburg,NJ,Jamesburg,city,medium,default_city,,,jamesburg,false,,,,,
2636,NJ - Kearney,NJ,Kearney,city,medium,default_city,,,kearney,false,,,,,
1346,NJ - Kenilworth,NJ,Kenilworth,city,medium,default_city,,,kenilworth,false,,,,,
2519,NJ - Keyport,NJ,Keyport,city,medium,default_city,,,keyport,false,,,,,
1464,NJ - Lake Hopatcong,NJ,Lake Hopatcong,city,medium,default_city,,,lake-hopatcong,false,,,,,
2280,NJ - Lakewood,NJ,Lakewood,city,medium,default_city,,,lakewood,false,,,,,
1327,NJ - Lawrenceville,NJ,Lawrenceville,city,medium,default_city,,,lawrenceville,false,,,,,
1328,NJ - Linden,NJ,Linden,city,medium,default_city,,,linden,false,,,,,
2655,NJ - Livingston,NJ,Livingston,city,medium,default_city,,,livingston,false,,,,,
2312,NJ - Lyndhurst,NJ,Lyndhurst,city,medium,default_city,,,lyndhurst,false,,,,,
1329,NJ - Manalapan,NJ,Manalapan,city,medium,default_city,,,manalapan,false,,,,,
2488,NJ - Maplewood,NJ,Maplewood,city,medium,default_city,,,maplewood,false,,,,,
1347,NJ - Marlboro,NJ,Marlboro,city,medium,default_city,,,marlboro,false,,,,,
1405,NJ - Marlton,NJ,Marlton,city,medium,default_city,,,marlton,false,,,,,
1330,NJ - Matawan,NJ,Matawan,city,medium,default_city,,,matawan,false,,,,,
2303,NJ - Maywood,NJ,Maywood,city,medium,default_city,,,maywood,false,,,,,
2313,NJ - Meadowlands,NJ,Meadowlands,city,medium,default_city,,,meadowlands,false,,,,,
1348,NJ - Metuchen,NJ,Metuchen,city,medium,default_city,,,metuchen,false,,,,,
155,NJ - Middlesex,NJ,Middlesex,city,medium,default_city,,,middlesex,false,,,,,
2284,NJ - Middletown,NJ,Middletown,city,medium,default_city,,,middletown,false,,,,,
1331,NJ - Millburn,NJ,Millburn,city,medium,default_city,,,millburn,false,,,,,
2520,NJ - Milltown,NJ,Milltown,city,medium,default_city,,,milltown,false,,,,,
1349,NJ - Monroe Township,NJ,Monroe Township,city,medium,default_city,,,monroe-township,false,,,,,
2305,NJ - Montvale,NJ,Montvale,city,medium,default_city,,,montvale,false,,,,,
1469,NJ - Montville,NJ,Montville,city,medium,default_city,,,montville,false,,,,,
2315,NJ - Moonachie,NJ,Moonachie,city,medium,default_city,,,moonachie,false,,,,,
2625,NJ - Moorestown,NJ,Moorestown,city,medium,default_city,,,moorestown,false,,,,,
1470,NJ - Morris Plains,NJ,Morris Plains,city,medium,default_city,,,morris-plains,false,,,,,
1471,NJ - Mount Olive,NJ,Mount Olive,city,medium,default_city,,,mount-olive,false,,,,,
1472,NJ - Mountain Lakes,NJ,Mountain Lakes,city,medium,default_city,,,mountain-lakes,false,,,,,
1350,NJ - Mountainside,NJ,Mountainside,city,medium,default_city,,,mountainside,false,,,,,
167,NJ - Mt. Laurel,NJ,Mt. Laurel,city,medium,default_city,,,mt-laurel,false,,,,,
1333,NJ - New Providence,NJ,New Providence,city,medium,default_city,,,new-providence,false,,,,,
1465,NJ - Newton,NJ,Newton,city,medium,default_city,,,newton,false,,,,,
2635,NJ - North Bergen,NJ,North Bergen,city,medium,default_city,,,north-bergen,false,,,,,
1334,NJ - North Brunswick,NJ,North Brunswick,city,medium,default_city,,,north-brunswick,false,,,,,
184,NJ - North Jersey,NJ,North Jersey,city,medium,default_city,,,north-jersey,false,,,,,
1335,NJ - North Plainfield,NJ,North Plainfield,city,medium,default_city,,,north-plainfield,false,,,,,
1336,NJ - Old Bridge,NJ,Old Bridge,city,medium,default_city,,,old-bridge,false,,,,,
2302,NJ - Oradell,NJ,Oradell,city,medium,default_city,,,oradell,false,,,,,
200,NJ - Passaic,NJ,Passaic,city,medium,default_city,,,passaic,false,,,,,
2392,NJ - Pine Brook,NJ,Pine Brook,city,medium,default_city,,,pine-brook,false,,,,,
1337,NJ - Raritan,NJ,Raritan,city,medium,default_city,,,raritan,false,,,,,
2422,NJ - Ridgewood,NJ,Ridgewood,city,medium,default_city,,,ridgewood,false,,,,,
2310,NJ - River Edge,NJ,River Edge,city,medium,default_city,,,river-edge,false,,,,,
411,NJ - Rutherford,NJ,Rutherford,city,medium,default_city,,,rutherford,false,,,,,
2300,NJ - Secaucus,NJ,Secaucus,city,medium,default_city,,,secaucus,false,,,,,
2527,NJ - Shrewsbury,NJ,Shrewsbury,city,medium,default_city,,,shrewsbury,false,,,,,
241,NJ - Somerset,NJ,Somerset,city,medium,default_city,,,somerset,false,,,,,
1338,NJ - Somerville,NJ,Somerville,city,medium,default_city,,,somerville,false,,,,,
2306,NJ - South Hackensack,NJ,South Hackensack,city,medium,default_city,,,south-hackensack,false,,,,,
2541,NJ - South Plainfield,NJ,South Plainfield,city,medium,default_city,,,south-plainfield,false,,,,,
1507,NJ - Southern,NJ,Southern,city,medium,default_city,,,southern,false,,,,,
1466,NJ - Sparta,NJ,Sparta,city,medium,default_city,,,sparta,false,,,,,
410,NJ - Springfield,NJ,Springfield,city,medium,default_city,,,springfield,false,,,,,
2489,NJ - Stanhope,NJ,Stanhope,city,medium,default_city,,,stanhope,false,,,,,
1476,NJ - Succasunna,NJ,Succasunna,city,medium,default_city,,,succasunna,false,,,,,
2301,NJ - Teaneck,NJ,Teaneck,city,medium,default_city,,,teaneck,false,,,,,
2589,NJ - Thorofare,NJ,Thorofare,city,medium,default_city,,,thorofare,false,,,,,
2566,NJ - Tinton Falls,NJ,Tinton Falls,city,medium,default_city,,,tinton-falls,false,,,,,
2281,NJ - Toms River,NJ,Toms River,city,medium,default_city,,,toms-river,false,,,,,
2282,NJ - Union,NJ,Union,city,medium,default_city,,,union,false,,,,,
1474,NJ - Vernon,NJ,Vernon,city,medium,default_city,,,vernon,false,,,,,
2408,NJ - Verona,NJ,Verona,city,medium,default_city,,,verona,false,,,,,
2558,NJ - Wall Township,NJ,Wall Township,city,medium,default_city,,,wall-township,false,,,,,
2386,NJ - West Essex,NJ,West Essex,city,medium,default_city,,,west-essex,false,,,,,
1477,NJ - West Milford,NJ,West Milford,city,medium,default_city,,,west-milford,false,,,,,
281,NJ - Woodbridge,NJ,Woodbridge,city,medium,default_city,,,woodbridge,false,,,,,
2308,NJ - Woodcliff Lakes,NJ,Woodcliff Lakes,city,medium,default_city,,,woodcliff-lakes,false,,,,,
2262,NV - Paradise,NV,Paradise,city,medium,default_city,,,paradise,false,,,,,
2265,NV - Spring Valley,NV,Spring Valley,city,medium,default_city,,,spring-valley,false,,,,,
1265,NY - Astoria,NY,Astoria,city,medium,default_city,,,astoria,false,,,,,
2172,NY - Babylon,NY,Babylon,city,medium,default_city,,,babylon,false,,,,,
1244,NY - Bay Shore,NY,Bay Shore,city,medium,default_city,,,bay-shore,false,,,,,
1266,NY - Bayside,NY,Bayside,city,medium,default_city,,,bayside,false,,,,,
2466,NY - Beacon,NY,Beacon,city,medium,default_city,,,beacon,false,,,,,
2173,NY - Brookhaven,NY,Brookhaven,city,medium,default_city,,,brookhaven,false,,,,,
2469,NY - Central Islip,NY,Central Islip,city,medium,default_city,,,central-islip,false,,,,,
1774,NY - Cheektowaga,NY,Cheektowaga,city,medium,default_city,,,cheektowaga,false,,,,,
1755,NY - Chittenango,NY,Chittenango,city,medium,default_city,,,chittenango,false,,,,,
1758,NY - Clifton Park,NY,Clifton Park,city,medium,default_city,,,clifton-park,false,,,,,
1757,NY - Colonie,NY,Colonie,city,medium,default_city,,,colonie,false,,,,,
2470,NY - Commack,NY,Commack,city,medium,default_city,,,commack,false,,,,,
1245,NY - Deer Park,NY,Deer Park,city,medium,default_city,,,deer-park,false,,,,,
2471,NY - Dix Hills,NY,Dix Hills,city,medium,default_city,,,dix-hills,false,,,,,
1231,NY - East Meadow,NY,East Meadow,city,medium,default_city,,,east-meadow,false,,,,,
2560,NY - East Patchogue,NY,East Patchogue,city,medium,default_city,,,east-patchogue,false,,,,,
1232,NY - East Rockaway,NY,East Rockaway,city,medium,default_city,,,east-rockaway,false,,,,,
2467,NY - Elmont,NY,Elmont,city,medium,default_city,,,elmont,false,,,,,
2472,NY - Farmingdale,NY,Farmingdale,city,medium,default_city,,,farmingdale,false,,,,,
2525,NY - Flatbush,NY,Flatbush,city,medium,default_city,,,flatbush,false,,,,,
1255,NY - Floral Park,NY,Floral Park,city,medium,default_city,,,floral-park,false,,,,,
1268,NY - Flushing,NY,Flushing,city,medium,default_city,,,flushing,false,,,,,
1269,NY - Forest Hills,NY,Forest Hills,city,medium,default_city,,,forest-hills,false,,,,,
1227,NY - Freeport,NY,Freeport,city,medium,default_city,,,freeport,false,,,,,
1228,NY - Garden City,NY,Garden City,city,medium,default_city,,,garden-city,false,,,,,
1256,NY - Glen Cove,NY,Glen Cove,city,medium,default_city,,,glen-cove,false,,,,,
1230,NY - Hempstead,NY,Hempstead,city,medium,default_city,,,hempstead,false,,,,,
2174,NY - Huntington,NY,Huntington,city,medium,default_city,,,huntington,false,,,,,
1249,NY - Islandia,NY,Islandia,city,medium,default_city,,,islandia,false,,,,,
1247,NY - Islip,NY,Islip,city,medium,default_city,,,islip,false,,,,,
1270,NY - Jamaica,NY,Jamaica,city,medium,default_city,,,jamaica,false,,,,,
1259,NY - Jericho,NY,Jericho,city,medium,default_city,,,jericho,false,,,,,
1770,NY - Kenmore,NY,Kenmore,city,medium,default_city,,,kenmore,false,,,,,
1769,NY - Lackawanna,NY,Lackawanna,city,medium,default_city,,,lackawanna,false,,,,,
1260,NY - Lake Success,NY,Lake Success,city,medium,default_city,,,lake-success,false,,,,,
1234,NY - Levittown,NY,Levittown,city,medium,default_city,,,levittown,false,,,,,
296,NY - Long Island,NY,Long Island,city,medium,default_city,,,long-island,false,,,,,
1235,NY - Lynbrook,NY,Lynbrook,city,medium,default_city,,,lynbrook,false,,,,,
2606,NY - Mamaroneck,NY,Mamaroneck,city,medium,default_city,,,mamaroneck,false,,,,,
2317,NY - Manhattan,NY,Manhattan,city,medium,default_city,,,manhattan,false,,,,,
1241,NY - Massapequa,NY,Massapequa,city,medium,default_city,,,massapequa,false,,,,,
1253,NY - Medford,NY,Medford,city,medium,default_city,,,medford,false,,,,,
1236,NY - Merrick,NY,Merrick,city,medium,default_city,,,merrick,false,,,,,
1237,NY - Mineola,NY,Mineola,city,medium,default_city,,,mineola,false,,,,,
947,NY - Montebello,NY,Montebello,city,medium,default_city,,,montebello,false,,,,,
1901,NY - Mount Pleasant,NY,Mount Pleasant,city,medium,default_city,,,mount-pleasant,false,,,,,
2557,NY - New York City,NY,New York City,city,medium,default_city,,,new-york-city,false,,,,,
1254,NY - Patchogue,NY,Patchogue,city,medium,default_city,,,patchogue,false,,,,,
1261,NY - Plainview,NY,Plainview,city,medium,default_city,,,plainview,false,,,,,
1251,NY - Port Jefferson Station,NY,Port Jefferson Station,city,medium,default_city,,,port-jefferson-station,false,,,,,
295,NY - Queens,NY,Queens,city,medium,default_city,,,queens,false,,,,,
1238,NY - Rockville Centre,NY,Rockville Centre,city,medium,default_city,,,rockville-centre,false,,,,,
2474,NY - Ronkonkoma,NY,Ronkonkoma,city,medium,default_city,,,ronkonkoma,false,,,,,
2475,NY - Roslyn,NY,Roslyn,city,medium,default_city,,,roslyn,false,,,,,
1278,NY - Rye Brook,NY,Rye Brook,city,medium,default_city,,,rye-brook,false,,,,,
961,NY - Scarsdale,NY,Scarsdale,city,medium,default_city,,,scarsdale,false,,,,,
1754,NY - Skaneateles,NY,Skaneateles,city,medium,default_city,,,skaneateles,false,,,,,
1250,NY - Smithtown,NY,Smithtown,city,medium,default_city,,,smithtown,false,,,,,
2476,NY - Spring Garden,NY,Spring Garden,city,medium,default_city,,,spring-garden,false,,,,,
730,NY - Staten Island,NY,Staten Island,city,medium,default_city,,,staten-island,false,,,,,
1252,NY - Stony Brook,NY,Stony Brook,city,medium,default_city,,,stony-brook,false,,,,,
254,NY - Suffolk,NY,Suffolk,city,medium,default_city,,,suffolk,false,,,,,
2158,NY - Upstate New York,NY,Upstate New York,city,medium,default_city,,,upstate-new-york,false,,,,,
1242,NY - Wantagh,NY,Wantagh,city,medium,default_city,,,wantagh,false,,,,,
1243,NY - West Babylon,NY,West Babylon,city,medium,default_city,,,west-babylon,false,,,,,
1229,NY - West Hempstead,NY,West Hempstead,city,medium,default_city,,,west-hempstead,false,,,,,
1765,NY - West Seneca,NY,West Seneca,city,medium,default_city,,,west-seneca,false,,,,,
1240,NY - Westbury,NY,Westbury,city,medium,default_city,,,westbury,false,,,,,
1775,NY - Wheatfield,NY,Wheatfield,city,medium,default_city,,,wheatfield,false,,,,,
1561,NY - Williamsville,NY,Williamsville,city,medium,default_city,,,williamsville,false,,,,,
1264,NY - Woodbury,NY,Woodbury,city,medium,default_city,,,woodbury,false,,,,,
2605,NY - Yorktown Heights,NY,Yorktown Heights,city,medium,default_city,,,yorktown-heights,false,,,,,
1967,OH - Austintown,OH,Austintown,city,medium,default_city,,,austintown,false,,,,,
1968,OH - Avon,OH,Avon,city,medium,default_city,,,avon,false,,,,,
1712,OH - Bedford Heights,OH,Bedford Heights,city,medium,default_city,,,bedford-heights,false,,,,,
1972,OH - Berea,OH,Berea,city,medium,default_city,,,berea,false,,,,,
647,OH - Blue Ash,OH,Blue Ash,city,medium,default_city,,,blue-ash,false,,,,,
1973,OH - Boardman,OH,Boardman,city,medium,default_city,,,boardman,false,,,,,
1713,OH - Brecksville,OH,Brecksville,city,medium,default_city,,,brecksville,false,,,,,
1714,OH - Broadview Height,OH,Broadview Height,city,medium,default_city,,,broadview-height,false,,,,,
1716,OH - Brooklyn Heights,OH,Brooklyn Heights,city,medium,default_city,,,brooklyn-heights,false,,,,,
1717,OH - Brunswick,OH,Brunswick,city,medium,default_city,,,brunswick,false,,,,,
1777,OH - Centerville,OH,Centerville,city,medium,default_city,,,centerville,false,,,,,
1718,OH - Chagrin Falls,OH,Chagrin Falls,city,medium,default_city,,,chagrin-falls,false,,,,,
2083,OH - East Canton,OH,East Canton,city,medium,default_city,,,east-canton,false,,,,,
2564,OH - Eaton,OH,Eaton,city,medium,default_city,,,eaton,false,,,,,
1798,OH - Edgewood,OH,Edgewood,city,medium,default_city,,,edgewood,false,,,,,
71,OH - Elyria,OH,Elyria,city,medium,default_city,,,elyria,false,,,,,
1797,OH - Erlanger,OH,Erlanger,city,medium,default_city,,,erlanger,false,,,,,
1707,OH - Gahanna,OH,Gahanna,city,medium,default_city,,,gahanna,false,,,,,
97,OH - Hamilton,OH,Hamilton,city,medium,default_city,,,hamilton,false,,,,,
1719,OH - Highland Heights,OH,Highland Heights,city,medium,default_city,,,highland-heights,false,,,,,
1789,OH - Kettering,OH,Kettering,city,medium,default_city,,,kettering,false,,,,,
2603,OH - Lancaster,OH,Lancaster,city,medium,default_city,,,lancaster,false,,,,,
1787,OH - Lebanon,OH,Lebanon,city,medium,default_city,,,lebanon,false,,,,,
1786,OH - Liberty Township,OH,Liberty Township,city,medium,default_city,,,liberty-township,false,,,,,
1710,OH - London,OH,London,city,medium,default_city,,,london,false,,,,,
134,OH - Lorain,OH,Lorain,city,medium,default_city,,,lorain,false,,,,,
2604,OH - Marion,OH,Marion,city,medium,default_city,,,marion,false,,,,,
2082,OH - Massillon,OH,Massillon,city,medium,default_city,,,massillon,false,,,,,
1721,OH - Mayfield Heights,OH,Mayfield Heights,city,medium,default_city,,,mayfield-heights,false,,,,,
1784,OH - Miamisburg,OH,Miamisburg,city,medium,default_city,,,miamisburg,false,,,,,
1723,OH - Middleburg Heights,OH,Middleburg Heights,city,medium,default_city,,,middleburg-heights,false,,,,,
2084,OH - North Canton,OH,North Canton,city,medium,default_city,,,north-canton,false,,,,,
1724,OH - North Olmsted,OH,North Olmsted,city,medium,default_city,,,north-olmsted,false,,,,,
1783,OH - Oakwood,OH,Oakwood,city,medium,default_city,,,oakwood,false,,,,,
1725,OH - Parma,OH,Parma,city,medium,default_city,,,parma,false,,,,,
2562,OH - Piqua,OH,Piqua,city,medium,default_city,,,piqua,false,,,,,
549,OH - Polaris,OH,Polaris,city,medium,default_city,,,polaris,false,,,,,
2465,OH - Powell,OH,Powell,city,medium,default_city,,,powell,false,,,,,
1782,OH - Sharonville,OH,Sharonville,city,medium,default_city,,,sharonville,false,,,,,
2563,OH - Sidney,OH,Sidney,city,medium,default_city,,,sidney,false,,,,,
1781,OH - Springboro,OH,Springboro,city,medium,default_city,,,springboro,false,,,,,
1780,OH - Springdale,OH,Springdale,city,medium,default_city,,,springdale,false,,,,,
2275,OH - Springfield,OH,Springfield,city,medium,default_city,,,springfield,false,,,,,
2573,OH - Stowe,OH,Stowe,city,medium,default_city,,,stowe,false,,,,,
2569,OH - Stratford,OH,Stratford,city,medium,default_city,,,stratford,false,,,,,
1727,OH - Strongsville,OH,Strongsville,city,medium,default_city,,,strongsville,false,,,,,
1728,OH - Twinsburg,OH,Twinsburg,city,medium,default_city,,,twinsburg,false,,,,,
1706,OH - Upper Arlington,OH,Upper Arlington,city,medium,default_city,,,upper-arlington,false,,,,,
1732,OH - Valley View,OH,Valley View,city,medium,default_city,,,valley-view,false,,,,,
2568,OH - Vandalia,OH,Vandalia,city,medium,default_city,,,vandalia,false,,,,,
1731,OH - Warrensville Heights,OH,Warrensville Heights,city,medium,default_city,,,warrensville-heights,false,,,,,
1779,OH - Washington Township,OH,Washington Township,city,medium,default_city,,,washington-township,false,,,,,
1729,OH - Willoughby,OH,Willoughby,city,medium,default_city,,,willoughby,false,,,,,
1705,OH - Worthington,OH,Worthington,city,medium,default_city,,,worthington,false,,,,,
1389,OK - Bethany,OK,Bethany,city,medium,default_city,,,bethany,false,,,,,
1617,OK - Bixby,OK,Bixby,city,medium,default_city,,,bixby,false,,,,,
1618,OK - Catoosa,OK,Catoosa,city,medium,default_city,,,catoosa,false,,,,,
1390,OK - Del City,OK,Del City,city,medium,default_city,,,del-city,false,,,,,
1395,OK - Jenks,OK,Jenks,city,medium,default_city,,,jenks,false,,,,,
1392,OK - Midwest City,OK,Midwest City,city,medium,default_city,,,midwest-city,false,,,,,
1393,OK - Moore,OK,Moore,city,medium,default_city,,,moore,false,,,,,
1620,OK - Muskogee,OK,Muskogee,city,medium,default_city,,,muskogee,false,,,,,
1396,OK - Owasso,OK,Owasso,city,medium,default_city,,,owasso,false,,,,,
1621,OK - Sand Springs,OK,Sand Springs,city,medium,default_city,,,sand-springs,false,,,,,
1622,OK - Sapulpa,OK,Sapulpa,city,medium,default_city,,,sapulpa,false,,,,,
1623,OK - Stillwater,OK,Stillwater,city,medium,default_city,,,stillwater,false,,,,,
73,OR - Eugene,OR,Eugene,city,medium,default_city,,,eugene,false,,,,,
624,OR - Hillsboro,OR,Hillsboro,city,medium,default_city,,,hillsboro,false,,,,,
1074,OR - Sylvan,OR,Sylvan,city,medium,default_city,,,sylvan,false,,,,,
1077,OR - Tigard,OR,Tigard,city,medium,default_city,,,tigard,false,,,,,
1073,OR - West Linn,OR,West Linn,city,medium,default_city,,,west-linn,false,,,,,
923,PA - Ardmore,PA,Ardmore,city,medium,default_city,,,ardmore,false,,,,,
2505,PA - Beaver,PA,Beaver,city,medium,default_city,,,beaver,false,,,,,
2506,PA - Carnegie,PA,Carnegie,city,medium,default_city,,,carnegie,false,,,,,
1103,PA - Chester,PA,Chester,city,medium,default_city,,,chester,false,,,,,
2022,PA - Cranberry,PA,Cranberry,city,medium,default_city,,,cranberry,false,,,,,
2499,PA - Emmaus,PA,Emmaus,city,medium,default_city,,,emmaus,false,,,,,
2614,PA - Export,PA,Export,city,medium,default_city,,,export,false,,,,,
2587,PA - Folcroft,PA,Folcroft,city,medium,default_city,,,folcroft,false,,,,,
2268,PA - Green Tree,PA,Green Tree,city,medium,default_city,,,green-tree,false,,,,,
2615,PA - Greensburg,PA,Greensburg,city,medium,default_city,,,greensburg,false,,,,,
2058,PA - Horsham,PA,Horsham,city,medium,default_city,,,horsham,false,,,,,
2507,PA - Kittanning,PA,Kittanning,city,medium,default_city,,,kittanning,false,,,,,
2586,PA - Langhorne,PA,Langhorne,city,medium,default_city,,,langhorne,false,,,,,
2510,PA - Latrobe,PA,Latrobe,city,medium,default_city,,,latrobe,false,,,,,
1106,PA - Main Line,PA,Main Line,city,medium,default_city,,,main-line,false,,,,,
365,PA - Malvern,PA,Malvern,city,medium,default_city,,,malvern,false,,,,,
2512,PA - McKees Rocks,PA,McKees Rocks,city,medium,default_city,,,mckees-rocks,false,,,,,
2511,PA - Mt Pleasant,PA,Mt Pleasant,city,medium,default_city,,,mt-pleasant,false,,,,,
2126,PA - Paoli,PA,Paoli,city,medium,default_city,,,paoli,false,,,,,
1559,PA - Plymouth Meeting,PA,Plymouth Meeting,city,medium,default_city,,,plymouth-meeting,false,,,,,
2559,PA - Quakertown,PA,Quakertown,city,medium,default_city,,,quakertown,false,,,,,
2626,PA - Southampton,PA,Southampton,city,medium,default_city,,,southampton,false,,,,,
2509,PA - Turtle Creek,PA,Turtle Creek,city,medium,default_city,,,turtle-creek,false,,,,,
2592,PA - Warminster,PA,Warminster,city,medium,default_city,,,warminster,false,,,,,
2593,PA - Weissport,PA,Weissport,city,medium,default_city,,,weissport,false,,,,,
1104,PA - West Chester,PA,West Chester,city,medium,default_city,,,west-chester,false,,,,,
2504,PA - West Mifflin,PA,West Mifflin,city,medium,default_city,,,west-mifflin,false,,,,,
2508,PA - Wexford,PA,Wexford,city,medium,default_city,,,wexford,false,,,,,
2057,PA - Willow Grove,PA,Willow Grove,city,medium,default_city,,,willow-grove,false,,,,,
480,PR - Puerto Rico,PR,Puerto Rico,city,medium,default_city,,,puerto-rico,false,,,,,
2109,RI - Pawtucket,RI,Pawtucket,city,medium,default_city,,,pawtucket,false,,,,,
2177,SC - Augusta,SC,Augusta,city,medium,default_city,,,augusta,false,,,,,
2003,SC - Mt Pleasant,SC,Mt Pleasant,city,medium,default_city,,,mt-pleasant,false,,,,,
2092,TN - Bartlett,TN,Bartlett,city,medium,default_city,,,bartlett,false,,,,,
2012,TN - Cool Springs,TN,Cool Springs,city,medium,default_city,,,cool-springs,false,,,,,
2093,TN - Cordova,TN,Cordova,city,medium,default_city,,,cordova,false,,,,,
2646,TN - Dover,TN,Dover,city,medium,default_city,,,dover,false,,,,,
2094,TN - Germantown,TN,Germantown,city,medium,default_city,,,germantown,false,,,,,
2597,TN - Hendersonville,TN,Hendersonville,city,medium,default_city,,,hendersonville,false,,,,,
2649,TN - Joelton,TN,Joelton,city,medium,default_city,,,joelton,false,,,,,
2591,TN - Madison,TN,Madison,city,medium,default_city,,,madison,false,,,,,
2647,TN - Pleasant View,TN,Pleasant View,city,medium,default_city,,,pleasant-view,false,,,,,
2248,TX - Bedford,TX,Bedford,city,medium,default_city,,,bedford,false,,,,,
2289,TX - Bee Cave,TX,Bee Cave,city,medium,default_city,,,bee-cave,false,,,,,
2249,TX - Coppell,TX,Coppell,city,medium,default_city,,,coppell,false,,,,,
2250,TX - Farmers Branch,TX,Farmers Branch,city,medium,default_city,,,farmers-branch,false,,,,,
2485,TX - Freeport,TX,Freeport,city,medium,default_city,,,freeport,false,,,,,
88,TX - Galveston,TX,Galveston,city,medium,default_city,,,galveston,false,,,,,
2180,TX - Houston Energy Corridor,TX,Houston Energy Corridor,city,medium,default_city,,,houston-energy-corridor,false,,,,,
2255,TX - Hurst,TX,Hurst,city,medium,default_city,,,hurst,false,,,,,
2066,TX - Lakeway,TX,Lakeway,city,medium,default_city,,,lakeway,false,,,,,
652,TX - Las Colinas,TX,Las Colinas,city,medium,default_city,,,las-colinas,false,,,,,
1122,TX - Mid-Cities,TX,Mid-Cities,submarket,high,city_submarket_pattern,Mid,Cities,mid-cities,false,,,,,
1413,TX - Shavano Park,TX,Shavano Park,city,medium,default_city,,,shavano-park,false,,,,,
1220,TX - Stafford,TX,Stafford,city,medium,default_city,,,stafford,false,,,,,
1412,TX - Temple,TX,Temple,city,medium,default_city,,,temple,false,,,,,
1118,TX - The Colony,TX,The Colony,city,medium,default_city,,,the-colony,false,,,,,
2252,TX - Westlake,TX,Westlake,city,medium,default_city,,,westlake,false,,,,,
1938,UT - American Fork,UT,American Fork,city,medium,default_city,,,american-fork,false,,,,,
1939,UT - Bountiful,UT,Bountiful,city,medium,default_city,,,bountiful,false,,,,,
1941,UT - Cottonwood Heights,UT,Cottonwood Heights,city,medium,default_city,,,cottonwood-heights,false,,,,,
1944,UT - Holladay,UT,Holladay,city,medium,default_city,,,holladay,false,,,,,
1946,UT - Kaysville,UT,Kaysville,city,medium,default_city,,,kaysville,false,,,,,
1948,UT - Layton,UT,Layton,city,medium,default_city,,,layton,false,,,,,
1951,UT - Lindon,UT,Lindon,city,medium,default_city,,,lindon,false,,,,,
1955,UT - Murray,UT,Murray,city,medium,default_city,,,murray,false,,,,,
1957,UT - North Salt Lake,UT,North Salt Lake,city,medium,default_city,,,north-salt-lake,false,,,,,
1959,UT - Orem,UT,Orem,city,medium,default_city,,,orem,false,,,,,
197,UT - Park City,UT,Park City,city,medium,default_city,,,park-city,false,,,,,
1961,UT - Pleasant Grove,UT,Pleasant Grove,city,medium,default_city,,,pleasant-grove,false,,,,,
1963,UT - Riverton,UT,Riverton,city,medium,default_city,,,riverton,false,,,,,
2456,UT - West Jordan,UT,West Jordan,city,medium,default_city,,,west-jordan,false,,,,,
2455,UT - West Valley City,UT,West Valley City,city,medium,default_city,,,west-valley-city,false,,,,,
9,VA - Annandale,VA,Annandale,city,medium,default_city,,,annandale,false,,,,,
1840,VA - Ashland,VA,Ashland,city,medium,default_city,,,ashland,false,,,,,
966,VA - Ballston,VA,Ballston,city,medium,default_city,,,ballston,false,,,,,
1452,VA - Burke,VA,Burke,city,medium,default_city,,,burke,false,,,,,
1457,VA - Centreville,VA,Centreville,city,medium,default_city,,,centreville,false,,,,,
1841,VA - Chester,VA,Chester,city,medium,default_city,,,chester,false,,,,,
967,VA - Clarendon,VA,Clarendon,city,medium,default_city,,,clarendon,false,,,,,
2598,VA - Colonial Heights,VA,Colonial Heights,city,medium,default_city,,,colonial-heights,false,,,,,
964,VA - Crystal City,VA,Crystal City,city,medium,default_city,,,crystal-city,false,,,,,
406,VA - Dulles Corner,VA,Dulles Corner,city,medium,default_city,,,dulles-corner,false,,,,,
1437,VA - Dumfries,VA,Dumfries,city,medium,default_city,,,dumfries,false,,,,,
600,VA - Gainesville,VA,Gainesville,city,medium,default_city,,,gainesville,false,,,,,
1842,VA - Henrico,VA,Henrico,city,medium,default_city,,,henrico,false,,,,,
1451,VA - Huntington,VA,Huntington,city,medium,default_city,,,huntington,false,,,,,
1440,VA - I-395 Corridor,VA,I-395 Corridor,submarket,high,city_submarket_pattern,I,395 Corridor,i-395-corridor,false,,,,,
2374,VA - Kingstowne,VA,Kingstowne,city,medium,default_city,,,kingstowne,false,,,,,
1435,VA - Leesburg,VA,Leesburg,city,medium,default_city,,,leesburg,false,,,,,
2129,VA - Lorton,VA,Lorton,city,medium,default_city,,,lorton,false,,,,,
1843,VA - Mechanicsville,VA,Mechanicsville,city,medium,default_city,,,mechanicsville,false,,,,,
1450,VA - Merrifield,VA,Merrifield,city,medium,default_city,,,merrifield,false,,,,,
2387,VA - Mt Vernon,VA,Mt Vernon,city,medium,default_city,,,mt-vernon,false,,,,,
1849,VA - Oakton,VA,Oakton,city,medium,default_city,,,oakton,false,,,,,
2599,VA - Oilville,VA,Oilville,city,medium,default_city,,,oilville,false,,,,,
1455,VA - Quantico,VA,Quantico,city,medium,default_city,,,quantico,false,,,,,
1845,VA - Rockville,VA,Rockville,city,medium,default_city,,,rockville,false,,,,,
965,VA - Rosslyn,VA,Rosslyn,city,medium,default_city,,,rosslyn,false,,,,,
1846,VA - Salem,VA,Salem,city,medium,default_city,,,salem,false,,,,,
766,VA - Springfield,VA,Springfield,city,medium,default_city,,,springfield,false,,,,,
2271,VA - Tuckahoe,VA,Tuckahoe,city,medium,default_city,,,tuckahoe,false,,,,,
268,VA - Tysons Corner,VA,Tysons Corner,city,medium,default_city,,,tysons-corner,false,,,,,
2127,VA - West Loudoun,VA,West Loudoun,city,medium,default_city,,,west-loudoun,false,,,,,
523,WA - Auburn,WA,Auburn,city,medium,default_city,,,auburn,false,,,,,
1314,WA - Ballard,WA,Ballard,city,medium,default_city,,,ballard,false,,,,,
1800,WA - Battle Ground,WA,Battle Ground,city,medium,default_city,,,battle-ground,false,,,,,
1538,WA - Bonney Lake,WA,Bonney Lake,city,medium,default_city,,,bonney-lake,false,,,,,
68,WA - Edmonds,WA,Edmonds,city,medium,default_city,,,edmonds,false,,,,,
79,WA - Federal Way,WA,Federal Way,city,medium,default_city,,,federal-way,false,,,,,
1539,WA - Fife,WA,Fife,city,medium,default_city,,,fife,false,,,,,
109,WA - Issaquah,WA,Issaquah,city,medium,default_city,,,issaquah,false,,,,,
1308,WA - Kenmore,WA,Kenmore,city,medium,default_city,,,kenmore,false,,,,,
118,WA - Kent,WA,Kent,city,medium,default_city,,,kent,false,,,,,
1540,WA - Lakewood,WA,Lakewood,city,medium,default_city,,,lakewood,false,,,,,
1094,WA - Mercer Island,WA,Mercer Island,city,medium,default_city,,,mercer-island,false,,,,,
473,WA - Redmond,WA,Redmond,city,medium,default_city,,,redmond,false,,,,,
333,WA - Sammamish,WA,Sammamish,city,medium,default_city,,,sammamish,false,,,,,
2050,WA - SeaTac,WA,SeaTac,city,medium,default_city,,,seatac,false,,,,,
2638,WA - Snoqualmie,WA,Snoqualmie,city,medium,default_city,,,snoqualmie,false,,,,,
2257,WA - Spokane Valley,WA,Spokane Valley,city,medium,default_city,,,spokane-valley,false,,,,,
516,WA - Tukwila,WA,Tukwila,city,medium,default_city,,,tukwila,false,,,,,
1544,WA - Tumwater,WA,Tumwater,city,medium,default_city,,,tumwater,false,,,,,
1543,WA - University Place,WA,University Place,city,medium,default_city,,,university-place,false,,,,,
1315,WA - West Seattle,WA,West Seattle,city,medium,default_city,,,west-seattle,false,,,,,
1306,WA - Yarrow Point,WA,Yarrow Point,city,medium,default_city,,,yarrow-point,false,,,,,
1509,WI - Beaver Dam,WI,Beaver Dam,city,medium,default_city,,,beaver-dam,false,,,,,
2545,WI - Belleville,WI,Belleville,city,medium,default_city,,,belleville,false,,,,,
1510,WI - Brown Deer,WI,Brown Deer,city,medium,default_city,,,brown-deer,false,,,,,
2322,WI - Burke,WI,Burke,city,medium,default_city,,,burke,false,,,,,
1511,WI - Burlington,WI,Burlington,city,medium,default_city,,,burlington,false,,,,,
1512,WI - Butler,WI,Butler,city,medium,default_city,,,butler,false,,,,,
1513,WI - Cedarburg,WI,Cedarburg,city,medium,default_city,,,cedarburg,false,,,,,
1514,WI - Cottage Grove,WI,Cottage Grove,city,medium,default_city,,,cottage-grove,false,,,,,
2542,WI - Cross Plains,WI,Cross Plains,city,medium,default_city,,,cross-plains,false,,,,,
1515,WI - Cudahy,WI,Cudahy,city,medium,default_city,,,cudahy,false,,,,,
1516,WI - DeForest,WI,DeForest,city,medium,default_city,,,deforest,false,,,,,
1518,WI - Delavan,WI,Delavan,city,medium,default_city,,,delavan,false,,,,,
1519,WI - Elkhorn,WI,Elkhorn,city,medium,default_city,,,elkhorn,false,,,,,
1520,WI - Elm Grove,WI,Elm Grove,city,medium,default_city,,,elm-grove,false,,,,,
2320,WI - Fitchburg,WI,Fitchburg,city,medium,default_city,,,fitchburg,false,,,,,
1521,WI - Fort Atkinson,WI,Fort Atkinson,city,medium,default_city,,,fort-atkinson,false,,,,,
2215,WI - Fox Cities,WI,Fox Cities,city,medium,default_city,,,fox-cities,false,,,,,
1522,WI - Franklin,WI,Franklin,city,medium,default_city,,,franklin,false,,,,,
1523,WI - Franksville,WI,Franksville,city,medium,default_city,,,franksville,false,,,,,
1525,WI - Glendale,WI,Glendale,city,medium,default_city,,,glendale,false,,,,,
1526,WI - Grafton,WI,Grafton,city,medium,default_city,,,grafton,false,,,,,
1978,WI - Grand Chute,WI,Grand Chute,city,medium,default_city,,,grand-chute,false,,,,,
1527,WI - Greenfield,WI,Greenfield,city,medium,default_city,,,greenfield,false,,,,,
1528,WI - Hales Corners,WI,Hales Corners,city,medium,default_city,,,hales-corners,false,,,,,
1529,WI - Hartford,WI,Hartford,city,medium,default_city,,,hartford,false,,,,,
1530,WI - Hartland,WI,Hartland,city,medium,default_city,,,hartland,false,,,,,
1531,WI - Ixonia,WI,Ixonia,city,medium,default_city,,,ixonia,false,,,,,
1533,WI - Jefferson,WI,Jefferson,city,medium,default_city,,,jefferson,false,,,,,
2214,WI - Kaukauna,WI,Kaukauna,city,medium,default_city,,,kaukauna,false,,,,,
2552,WI - Lake Mills,WI,Lake Mills,city,medium,default_city,,,lake-mills,false,,,,,
606,WI - Mayfair,WI,Mayfair,city,medium,default_city,,,mayfair,false,,,,,
2553,WI - McFarland,WI,McFarland,city,medium,default_city,,,mcfarland,false,,,,,
2133,WI - Mequon,WI,Mequon,city,medium,default_city,,,mequon,false,,,,,
2319,WI - Monona,WI,Monona,city,medium,default_city,,,monona,false,,,,,
2131,WI - Oconomowoc,WI,Oconomowoc,city,medium,default_city,,,oconomowoc,false,,,,,
2544,WI - Stoughton,WI,Stoughton,city,medium,default_city,,,stoughton,false,,,,,
2321,WI - Sun Prarie,WI,Sun Prarie,city,medium,default_city,,,sun-prarie,false,,,,,
2132,WI - Waukesha,WI,Waukesha,city,medium,default_city,,,waukesha,false,,,,,
2260,WI - Wauwatosa,WI,Wauwatosa,city,medium,default_city,,,wauwatosa,false,,,,,
2259,WI - West Allis,WI,West Allis,city,medium,default_city,,,west-allis,false,,,,,
2134,WI - West Bend,WI,West Bend,city,medium,default_city,,,west-bend,false,,,,,